id,datetime,mold_code,count,molten_volume_status,molten_volume_shap,molten_volume_shap1,molten_volume_shap2,molten_volume_cutoff_high,molten_volume_cutoff_low,molten_temp_status,molten_temp_shap,molten_temp_shap1,molten_temp_shap2,molten_temp_cutoff_high,molten_temp_cutoff_low,facility_operation_cycleTime_status,facility_operation_cycleTime_shap,facility_operation_cycleTime_shap1,facility_operation_cycleTime_shap2,facility_operation_cycleTime_cutoff_high,facility_operation_cycleTime_cutoff_low,production_cycletime_status,production_cycletime_shap,production_cycletime_shap1,production_cycletime_shap2,production_cycletime_cutoff_high,production_cycletime_cutoff_low,low_section_speed_status,low_section_speed_shap,low_section_speed_shap1,low_section_speed_shap2,low_section_speed_cutoff_high,low_section_speed_cutoff_low,high_section_speed_status,high_section_speed_shap,high_section_speed_shap1,high_section_speed_shap2,high_section_speed_cutoff_high,high_section_speed_cutoff_low,cast_pressure_status,cast_pressure_shap,cast_pressure_shap1,cast_pressure_shap2,cast_pressure_cutoff_high,cast_pressure_cutoff_low,biscuit_thickness_status,biscuit_thickness_shap,biscuit_thickness_shap1,biscuit_thickness_shap2,biscuit_thickness_cutoff_high,biscuit_thickness_cutoff_low,upper_mold_temp1_status,upper_mold_temp1_shap,upper_mold_temp1_shap1,upper_mold_temp1_shap2,upper_mold_temp1_cutoff_high,upper_mold_temp1_cutoff_low,upper_mold_temp2_status,upper_mold_temp2_shap,upper_mold_temp2_shap1,upper_mold_temp2_shap2,upper_mold_temp2_cutoff_high,upper_mold_temp2_cutoff_low,lower_mold_temp1_status,lower_mold_temp1_shap,lower_mold_temp1_shap1,lower_mold_temp1_shap2,lower_mold_temp1_cutoff_high,lower_mold_temp1_cutoff_low,lower_mold_temp2_status,lower_mold_temp2_shap,lower_mold_temp2_shap1,lower_mold_temp2_shap2,lower_mold_temp2_cutoff_high,lower_mold_temp2_cutoff_low,sleeve_temperature_status,sleeve_temperature_shap,sleeve_temperature_shap1,sleeve_temperature_shap2,sleeve_temperature_cutoff_high,sleeve_temperature_cutoff_low,physical_strength_status,physical_strength_shap,physical_strength_shap1,physical_strength_shap2,physical_strength_cutoff_high,physical_strength_cutoff_low,Coolant_temperature_status,Coolant_temperature_shap,Coolant_temperature_shap1,Coolant_temperature_shap2,Coolant_temperature_cutoff_high,Coolant_temperature_cutoff_low,if_prediction,if_anomaly_score,rf_prediction,rf_probability,shap1,shap2,shap1_status,shap2_status,cutoff
60802,2019-03-01 11:24:01,8412,90,low,0.04967141530112327,0,0,0,0,high,-0.01382643011711847,0,0,0,0,high,0.06476885381006925,0,0,0,0,low,0.1523029856408026,0,0,0,0,high,-0.0234153374723336,0,0,0,0,high,-0.02341369569491806,0,0,0,0,low,0.1579212815507391,0,0,0,1,high,0.07674347291529088,0,0,0,0,low,-0.04694743859349521,0,0,0,0,low,0.05425600435859647,0,0,0,0,low,-0.04634176928124623,0,0,0,0,low,-0.04657297535702569,0,0,0,0,low,0.02419622715660341,0,0,0,0,high,-0.1913280244657798,1,0,0,0,high,-0.1724917832513033,0,1,0,0,정상,0.05656632514690357,1,0.9707256797526366,physical_strength,Coolant_temperature,high,high,{'cast_pressure': '하한이탈'}
62164,2019-03-04 01:43:46,8412,165,low,-0.05622875292409727,0,0,0,0,high,-0.1012831120334424,0,0,0,0,low,0.03142473325952739,0,0,0,0,low,-0.0908024075521211,0,0,0,0,high,-0.1412303701335292,0,0,0,0,high,0.1465648768921554,1,0,0,0,low,-0.02257763004865357,0,0,0,1,high,0.006752820468792384,0,0,0,0,low,-0.1424748186213457,0,1,0,0,low,-0.05443827245251827,0,0,0,0,low,0.01109225897098661,0,0,0,0,low,-0.1150993577422303,0,0,0,0,low,0.0375698018345672,0,0,0,0,high,-0.0600638689918805,0,0,0,0,high,-0.02916937497932768,0,0,0,0,정상,0.03693571112303584,1,0.9898540579492398,high_section_speed,upper_mold_temp1,high,low,{'cast_pressure': '하한이탈'}
62457,2019-03-04 06:54:40,8412,307,low,-0.06017066122293969,0,0,0,0,high,0.1852278184508938,0,1,0,0,high,-0.001349722473793392,0,0,0,0,high,-0.10577109289559,0,0,0,0,low,0.08225449121031891,0,0,0,1,low,-0.1220843649971022,0,0,0,0,low,0.02088635950047554,0,0,0,1,high,-0.1959670123879776,1,0,1,0,low,-0.1328186048898431,0,0,0,0,low,0.01968612358691235,0,0,0,0,low,0.07384665799954104,0,0,0,0,low,0.01713682811899705,0,0,0,0,low,-0.01156482823882405,0,0,0,0,low,-0.03011036955892888,0,0,0,0,high,-0.1478521990367427,0,0,0,0,이상,-0.103967101216072,1,0.9611237399568798,biscuit_thickness,molten_temp,high,high,"{'low_section_speed': '하한이탈', 'biscuit_thickness': '상한이탈', 'cast_pressure': '하한이탈'}"
62903,2019-03-04 15:35:11,8412,227,low,-0.07198442083947086,0,0,0,0,low,-0.04606387709597876,0,0,0,0,low,0.1057122226218916,0,1,0,0,low,0.03436182895684614,0,0,0,0,low,-0.1763040155362734,1,0,0,0,high,0.0324083969394795,0,0,0,0,low,-0.03850822804163165,0,0,0,0,low,-0.06769220003059588,0,0,0,1,high,0.06116762888408679,0,0,0,0,low,0.1030999522495951,0,0,0,0,low,0.09312801191161986,0,0,0,0,high,-0.08392175232226386,0,0,0,0,low,-0.03092123758512146,0,0,0,0,high,0.0331263431403564,0,0,0,0,high,0.09755451271223592,0,0,0,0,이상,-0.01697284630256779,1,0.8490189203820333,low_section_speed,facility_operation_cycleTime,low,low,{'biscuit_thickness': '하한이탈'}
63040,2019-03-04 18:04:39,8412,289,low,-0.047917423784529,0,0,0,0,high,-0.01856589766638171,0,0,0,0,low,-0.1106334974006028,0,0,0,0,low,-0.1196206624080671,0,0,0,0,low,0.08125258223941981,0,0,0,0,high,0.1356240028570823,0,0,0,0,low,-0.007201012158033385,0,0,0,0,low,0.1003532897892024,0,0,0,1,high,0.03616360250476341,0,0,0,0,low,-0.06451197546051243,0,0,0,0,low,0.03613956055084139,0,0,0,0,high,0.1538036566465969,0,0,0,0,low,-0.003582603910995154,0,0,0,0,high,0.1564643655814006,0,1,0,0,high,-0.2619745104089745,1,0,0,0,이상,-0.01016930594626053,1,0.7817510208321132,Coolant_temperature,physical_strength,high,high,{'biscuit_thickness': '하한이탈'}
63050,2019-03-04 18:20:05,8412,292,low,0.08219025043752239,0,0,0,0,high,0.008704706823817123,0,0,0,0,low,-0.02990073504658675,0,0,0,0,low,0.00917607765355023,0,0,0,0,low,-0.1987568914600893,1,0,0,1,high,-0.02196718878375119,0,0,0,0,low,0.03571125715117465,0,0,0,1,high,0.1477894044741516,0,1,1,0,low,-0.05182702182736474,0,0,0,0,low,-0.08084936028931877,0,0,0,0,low,-0.05017570435845366,0,0,0,0,low,0.09154021177020742,0,0,0,0,low,0.03287511096596845,0,0,0,0,low,-0.05297602037670388,0,0,0,0,high,0.05132674331133561,0,0,0,0,이상,-0.07098404646084666,1,0.9508318019945523,low_section_speed,biscuit_thickness,low,high,"{'low_section_speed': '하한이탈', 'biscuit_thickness': '상한이탈', 'cast_pressure': '하한이탈'}"
65046,2019-03-06 22:51:46,8412,85,low,0.009707754934804039,0,0,0,0,high,0.09686449905328892,0,0,0,0,high,-0.07020530938773524,0,0,0,0,high,-0.03276621465977683,0,0,0,0,low,-0.03921081531321577,0,0,0,1,low,-0.1463514948132119,1,0,0,0,low,0.02961202770645761,0,0,0,1,high,0.02610552721798894,0,0,1,0,high,0.000511345664246089,0,0,0,0,low,-0.02345871333751469,0,0,0,0,low,-0.1415370742050414,0,1,0,0,high,-0.04206453227653591,0,0,0,0,low,-0.03427145165267695,0,0,0,0,low,-0.0802277269221619,0,0,0,0,high,-0.01612857116660091,0,0,0,0,이상,-0.06164045608860835,1,0.903032450617825,high_section_speed,lower_mold_temp1,low,low,"{'low_section_speed': '하한이탈', 'biscuit_thickness': '상한이탈', 'cast_pressure': '하한이탈'}"
67985,2019-03-08 12:53:20,8412,143,low,0.04040508568145385,0,0,0,0,high,0.188618590121053,0,0,0,0,high,0.0174577812831839,0,0,0,0,high,0.02575503907227644,0,0,0,0,high,-0.007444591576616722,0,0,0,0,high,-0.1918771215299042,0,1,0,0,high,-0.002651387544921688,0,0,0,0,low,0.006023020994102644,0,0,0,1,high,0.2463242112485286,1,0,0,0,low,-0.01923609647811225,0,0,0,0,low,0.03015473423336125,0,0,0,0,high,-0.003471176970524331,0,0,0,0,low,-0.1168678037619532,0,0,0,0,high,0.1142822814515021,0,0,0,0,high,0.07519330326867742,0,0,0,0,정상,0.01411118297065395,1,0.8329629864867149,upper_mold_temp1,high_section_speed,high,high,{'biscuit_thickness': '하한이탈'}
70539,2019-03-10 00:24:58,8412,67,low,0.0791031947043047,0,0,0,0,high,-0.09093874547947389,0,0,0,0,low,0.1402794310936099,0,0,0,0,low,-0.1401851062792281,0,0,0,0,high,0.05868570938002703,0,0,0,0,high,0.2190455625809979,1,0,0,0,low,-0.09905363251306884,0,0,0,1,high,-0.05662977296027719,0,0,0,0,low,0.009965136508764122,0,0,0,0,low,-0.05034756541161992,0,0,0,0,low,-0.1550663431066133,0,1,0,0,low,0.006856297480602733,0,0,0,0,low,-0.1062303713726105,0,0,0,0,high,0.04735924306351816,0,0,0,0,high,-0.09194242342338033,0,0,0,0,정상,0.03303828401377051,1,0.9654472736669677,high_section_speed,lower_mold_temp1,high,low,{'cast_pressure': '하한이탈'}
70841,2019-03-10 04:05:40,8412,169,low,0.154993440501754,0,1,0,0,high,-0.07832532923362372,0,0,0,0,high,-0.03220615162056756,0,0,0,0,high,0.08135172173696698,0,0,0,0,high,-0.1230864316433955,0,0,0,0,high,0.02274599346041294,0,0,0,0,low,0.1307142754282428,0,0,0,1,high,-0.1607483234561228,1,0,0,0,low,0.01846338585323042,0,0,0,1,low,0.02598827942484236,0,0,0,0,low,0.07818228717773104,0,0,0,0,low,-0.1236950710878082,0,0,0,0,low,-0.1320456613084276,0,0,0,0,high,0.05219415656168977,0,0,0,0,high,0.02969846732331861,0,0,0,0,정상,0.04502886506459025,1,0.8913319388378297,biscuit_thickness,molten_volume,high,low,"{'cast_pressure': '하한이탈', 'upper_mold_temp1': '하한이탈'}"
71394,2019-03-11 00:45:54,8412,133,low,0.02504928503458766,0,0,0,0,high,0.03464482094969757,0,0,0,0,high,-0.06800247215784909,0,0,0,0,high,0.02322536971610036,0,0,0,0,high,0.02930724732986813,0,0,0,0,high,-0.07143514180263678,0,0,0,0,high,0.1865774511144757,1,0,0,0,low,0.04738329209117875,0,0,0,0,low,-0.1191303497202649,0,1,0,1,low,0.06565536086338297,0,0,0,0,low,-0.09746816702273214,0,0,0,0,low,0.07870846037424521,0,0,0,0,low,0.1158595579007404,0,0,0,0,low,-0.08206823183517105,0,0,0,0,high,0.09633761292443219,0,0,0,0,정상,0.03768130420567839,1,0.8858275508346234,cast_pressure,upper_mold_temp1,high,low,{'upper_mold_temp1': '하한이탈'}
72650,2019-03-11 17:21:18,8412,241,low,0.04127809269364983,0,0,0,0,high,0.082206015999449,0,0,0,0,high,0.1896792982653948,0,1,0,0,low,-0.02453881160028705,0,0,0,0,high,-0.07537361643574897,0,0,0,0,low,-0.08895144296255234,0,0,0,0,low,-0.08158102849654383,0,0,0,0,high,-0.007710170941410421,0,0,0,0,low,0.03411519748166439,0,0,0,1,low,0.02766907993300191,0,0,0,0,low,0.08271832490360238,0,0,0,0,low,0.001300189187790702,0,0,0,0,low,0.1453534077157317,0,0,0,0,high,-0.02646568332379561,0,0,0,0,high,0.2720169166589619,1,0,0,0,정상,0.08098938846049347,1,0.8864524243907348,Coolant_temperature,facility_operation_cycleTime,high,high,{'upper_mold_temp1': '하한이탈'}
72713,2019-03-11 18:08:13,8412,263,low,0.06256673477650063,0,0,0,0,high,-0.08571575564162826,0,0,0,0,high,-0.1070892498061112,0,0,0,0,high,0.04824724152431853,0,0,0,0,high,-0.02234627853258509,0,0,0,0,high,0.0714000494092092,0,0,0,0,low,0.04732376245735449,0,0,0,1,low,-0.007282891265687277,0,0,0,1,high,-0.0846793718068405,0,0,0,0,low,-0.1514847224685865,1,0,0,0,low,-0.04465149520670211,0,0,0,0,high,0.08563987943234724,0,0,0,0,high,0.0214093744130204,0,0,0,0,high,-0.1245738778711988,0,1,0,0,high,0.0173180925851182,0,0,0,0,이상,-0.02685123406155665,1,0.8847627940062802,upper_mold_temp2,physical_strength,low,high,"{'biscuit_thickness': '하한이탈', 'cast_pressure': '하한이탈'}"
64926,2019-03-06 21:26:24,8722,42,high,0.04967141530112327,0,0,0,0,high,-0.01382643011711847,0,0,0,0,high,0.06476885381006925,0,0,0,0,low,0.1523029856408026,0,0,0,0,low,-0.0234153374723336,0,0,0,0,high,-0.02341369569491806,0,0,0,0,low,0.1579212815507391,0,0,0,0,low,0.07674347291529088,0,0,0,1,high,-0.04694743859349521,0,0,0,0,high,0.05425600435859647,0,0,0,0,high,-0.04634176928124623,0,0,0,0,high,-0.04657297535702569,0,0,0,0,high,0.02419622715660341,0,0,0,0,low,-0.1913280244657798,1,0,0,0,high,-0.1724917832513033,0,1,0,0,이상,-0.002396323439192716,1,0.9985167686411093,physical_strength,Coolant_temperature,low,high,{'biscuit_thickness': '하한이탈'}
65367,2019-03-07 03:15:13,8722,187,high,-0.05622875292409727,0,0,0,0,low,-0.1012831120334424,0,0,0,0,low,0.03142473325952739,0,0,0,0,high,-0.0908024075521211,0,0,0,0,low,-0.1412303701335292,0,0,0,1,low,0.1465648768921554,1,0,0,0,low,-0.02257763004865357,0,0,0,1,high,0.006752820468792384,0,0,1,0,high,-0.1424748186213457,0,1,0,0,low,-0.05443827245251827,0,0,0,0,high,0.01109225897098661,0,0,0,0,high,-0.1150993577422303,0,0,0,0,high,0.0375698018345672,0,0,0,0,low,-0.0600638689918805,0,0,0,0,high,-0.02916937497932768,0,0,0,0,이상,-0.0778995114165888,1,0.9771581944676181,high_section_speed,upper_mold_temp1,low,high,"{'low_section_speed': '하한이탈', 'biscuit_thickness': '상한이탈', 'cast_pressure': '하한이탈'}"
65370,2019-03-07 03:17:15,8722,188,high,-0.06017066122293969,0,0,0,0,low,0.1852278184508938,0,1,0,0,high,-0.001349722473793392,0,0,0,0,low,-0.10577109289559,0,0,0,0,low,0.08225449121031891,0,0,0,0,low,-0.1220843649971022,0,0,0,0,low,0.02088635950047554,0,0,0,0,high,-0.1959670123879776,1,0,1,0,high,-0.1328186048898431,0,0,0,0,low,0.01968612358691235,0,0,0,0,high,0.07384665799954104,0,0,0,0,high,0.01713682811899705,0,0,0,0,high,-0.01156482823882405,0,0,0,0,low,-0.03011036955892888,0,0,0,0,high,-0.1478521990367427,0,0,0,0,정상,0.04927165067442713,1,0.8736846474040479,biscuit_thickness,molten_temp,high,low,{'biscuit_thickness': '상한이탈'}
65631,2019-03-07 06:23:12,8722,277,high,-0.07198442083947086,0,0,0,0,high,-0.04606387709597876,0,0,0,0,low,0.1057122226218916,0,1,0,0,high,0.03436182895684614,0,0,0,0,low,-0.1763040155362734,1,0,0,0,high,0.0324083969394795,0,0,0,0,low,-0.03850822804163165,0,0,0,0,low,-0.06769220003059588,0,0,0,1,high,0.06116762888408679,0,0,0,0,high,0.1030999522495951,0,0,0,0,high,0.09312801191161986,0,0,0,0,high,-0.08392175232226386,0,0,0,0,high,-0.03092123758512146,0,0,0,0,low,0.0331263431403564,0,0,0,0,high,0.09755451271223592,0,0,0,0,이상,-0.003621104476934645,1,0.9918913001643875,low_section_speed,facility_operation_cycleTime,low,low,{'biscuit_thickness': '하한이탈'}
65767,2019-03-07 08:57:34,8722,26,high,-0.047917423784529,0,0,0,0,high,-0.01856589766638171,0,0,0,0,low,-0.1106334974006028,0,0,0,0,low,-0.1196206624080671,0,0,0,0,low,0.08125258223941981,0,0,0,1,low,0.1356240028570823,0,0,0,0,low,-0.007201012158033385,0,0,0,1,high,0.1003532897892024,0,0,0,0,high,0.03616360250476341,0,0,0,0,low,-0.06451197546051243,0,0,0,0,high,0.03613956055084139,0,0,0,0,high,0.1538036566465969,0,0,0,0,high,-0.003582603910995154,0,0,0,0,low,0.1564643655814006,0,1,0,0,low,-0.2619745104089745,1,0,0,0,이상,-0.0230754823121232,1,0.9707021345194439,Coolant_temperature,physical_strength,low,low,"{'low_section_speed': '하한이탈', 'cast_pressure': '하한이탈'}"
65776,2019-03-07 09:03:46,8722,29,low,0.08219025043752239,0,0,0,0,low,0.008704706823817123,0,0,0,0,low,-0.02990073504658675,0,0,0,0,low,0.00917607765355023,0,0,0,0,low,-0.1987568914600893,1,0,0,1,low,-0.02196718878375119,0,0,0,0,low,0.03571125715117465,0,0,0,1,high,0.1477894044741516,0,1,0,0,high,-0.05182702182736474,0,0,0,0,high,-0.08084936028931877,0,0,0,0,high,-0.05017570435845366,0,0,0,0,high,0.09154021177020742,0,0,0,0,high,0.03287511096596845,0,0,0,0,low,-0.05297602037670388,0,0,0,0,high,0.05132674331133561,0,0,0,0,정상,0.02511397650763891,1,0.9300110984013594,low_section_speed,biscuit_thickness,low,high,"{'low_section_speed': '하한이탈', 'cast_pressure': '하한이탈'}"
66695,2019-03-07 20:45:04,8722,27,low,0.009707754934804039,0,0,0,0,high,0.09686449905328892,0,0,0,0,low,-0.07020530938773524,0,0,0,0,low,-0.03276621465977683,0,0,0,0,low,-0.03921081531321577,0,0,0,1,low,-0.1463514948132119,1,0,0,1,low,0.02961202770645761,0,0,0,0,high,0.02610552721798894,0,0,0,0,high,0.000511345664246089,0,0,0,0,low,-0.02345871333751469,0,0,0,0,high,-0.1415370742050414,0,1,0,0,high,-0.04206453227653591,0,0,0,0,high,-0.03427145165267695,0,0,0,0,low,-0.0802277269221619,0,0,0,0,high,-0.01612857116660091,0,0,0,0,이상,-0.01576594665477216,1,0.9007623239279652,high_section_speed,lower_mold_temp1,low,high,"{'low_section_speed': '하한이탈', 'high_section_speed': '하한이탈'}"
66717,2019-03-07 21:00:13,8722,34,high,0.04040508568145385,0,0,0,0,low,0.188618590121053,0,0,0,0,low,0.0174577812831839,0,0,0,0,low,0.02575503907227644,0,0,0,0,low,-0.007444591576616722,0,0,0,0,high,-0.1918771215299042,0,1,0,0,low,-0.002651387544921688,0,0,0,0,low,0.006023020994102644,0,0,0,1,high,0.2463242112485286,1,0,0,0,low,-0.01923609647811225,0,0,0,0,high,0.03015473423336125,0,0,0,0,high,-0.003471176970524331,0,0,0,0,high,-0.1168678037619532,0,0,0,0,low,0.1142822814515021,0,0,0,0,high,0.07519330326867742,0,0,0,0,이상,-0.002356933795346183,1,0.877372389880166,upper_mold_temp1,high_section_speed,high,high,{'biscuit_thickness': '하한이탈'}
66926,2019-03-07 23:22:42,8722,102,high,0.0791031947043047,0,0,0,0,low,-0.09093874547947389,0,0,0,0,low,0.1402794310936099,0,0,0,0,high,-0.1401851062792281,0,0,0,0,low,0.05868570938002703,0,0,0,0,high,0.2190455625809979,1,0,0,0,low,-0.09905363251306884,0,0,0,0,low,-0.05662977296027719,0,0,0,1,high,0.009965136508764122,0,0,0,0,high,-0.05034756541161992,0,0,0,0,high,-0.1550663431066133,0,1,0,0,high,0.006856297480602733,0,0,0,0,low,-0.1062303713726105,0,0,0,0,low,0.04735924306351816,0,0,0,0,high,-0.09194242342338033,0,0,0,0,이상,-0.03105734473268018,1,0.8641946203170865,high_section_speed,lower_mold_temp1,high,high,{'biscuit_thickness': '하한이탈'}
67217,2019-03-08 02:49:27,8722,197,low,0.154993440501754,0,1,0,0,high,-0.07832532923362372,0,0,0,0,low,-0.03220615162056756,0,0,0,0,low,0.08135172173696698,0,0,0,0,low,-0.1230864316433955,0,0,0,1,low,0.02274599346041294,0,0,0,0,low,0.1307142754282428,0,0,0,1,high,-0.1607483234561228,1,0,0,0,high,0.01846338585323042,0,0,0,0,high,0.02598827942484236,0,0,0,0,high,0.07818228717773104,0,0,0,0,high,-0.1236950710878082,0,0,0,0,high,-0.1320456613084276,0,0,0,0,low,0.05219415656168977,0,0,0,0,high,0.02969846732331861,0,0,0,0,이상,-0.03990609913399257,1,0.9308466765539856,biscuit_thickness,molten_volume,high,low,"{'low_section_speed': '하한이탈', 'cast_pressure': '하한이탈'}"
67220,2019-03-08 02:51:38,8722,198,low,0.02504928503458766,0,0,0,0,high,0.03464482094969757,0,0,0,0,low,-0.06800247215784909,0,0,0,0,low,0.02322536971610036,0,0,0,0,low,0.02930724732986813,0,0,0,1,low,-0.07143514180263678,0,0,0,0,low,0.1865774511144757,1,0,0,1,high,0.04738329209117875,0,0,0,0,high,-0.1191303497202649,0,1,0,0,high,0.06565536086338297,0,0,0,0,high,-0.09746816702273214,0,0,0,0,high,0.07870846037424521,0,0,0,0,high,0.1158595579007404,0,0,0,0,low,-0.08206823183517105,0,0,0,0,high,0.09633761292443219,0,0,0,0,이상,-0.02532331624897022,1,0.9156006519753975,cast_pressure,upper_mold_temp1,low,high,"{'low_section_speed': '하한이탈', 'cast_pressure': '하한이탈'}"
67225,2019-03-08 02:54:21,8722,199,low,0.04127809269364983,0,0,0,0,high,0.082206015999449,0,0,0,0,high,0.1896792982653948,0,1,0,0,low,-0.02453881160028705,0,0,0,0,low,-0.07537361643574897,0,0,0,0,low,-0.08895144296255234,0,0,0,0,low,-0.08158102849654383,0,0,0,0,high,-0.007710170941410421,0,0,0,0,high,0.03411519748166439,0,0,0,0,low,0.02766907993300191,0,0,0,0,high,0.08271832490360238,0,0,0,0,high,0.001300189187790702,0,0,0,0,low,0.1453534077157317,0,0,0,0,low,-0.02646568332379561,0,0,0,0,high,0.2720169166589619,1,0,0,0,정상,0.03602701041929757,1,0.8637819783935563,Coolant_temperature,facility_operation_cycleTime,high,high,{}
67228,2019-03-08 02:56:37,8722,200,low,0.06256673477650063,0,0,0,0,high,-0.08571575564162826,0,0,0,0,high,-0.1070892498061112,0,0,0,0,low,0.04824724152431853,0,0,0,0,low,-0.02234627853258509,0,0,0,1,low,0.0714000494092092,0,0,0,0,low,0.04732376245735449,0,0,0,1,high,-0.007282891265687277,0,0,0,0,high,-0.0846793718068405,0,0,0,0,high,-0.1514847224685865,1,0,0,0,high,-0.04465149520670211,0,0,0,0,high,0.08563987943234724,0,0,0,0,high,0.0214093744130204,0,0,0,0,low,-0.1245738778711988,0,1,0,0,high,0.0173180925851182,0,0,0,0,정상,0.009651529266617831,1,0.9299230710895273,upper_mold_temp2,physical_strength,high,low,"{'low_section_speed': '하한이탈', 'cast_pressure': '하한이탈'}"
67231,2019-03-08 02:58:48,8722,201,high,0.03853173797288368,0,0,0,0,high,-0.08838574362011331,0,0,0,0,low,0.01537251059455279,0,0,0,0,low,0.00582087184459999,0,0,0,0,low,-0.1142970297830623,0,0,0,1,low,0.03577873603482833,0,0,0,1,low,0.05607845263682344,0,0,0,0,high,0.1083051243175277,0,0,1,0,high,0.1053802052034903,0,0,0,0,high,-0.1377669367957091,0,1,0,0,high,-0.09378250399151228,0,0,0,0,high,0.05150352672086598,0,0,0,0,high,0.05137859509122088,0,0,0,0,low,0.0515047686306048,0,0,0,0,high,0.3852731490654722,1,0,0,0,이상,-0.04682917198317538,1,0.8970805257861044,Coolant_temperature,upper_mold_temp2,high,high,"{'low_section_speed': '하한이탈', 'high_section_speed': '하한이탈', 'biscuit_thickness': '상한이탈'}"
67232,2019-03-08 02:58:59,8722,202,high,0.0570890510693167,0,0,0,0,high,0.1135565640180599,0,0,0,0,low,0.09540017634932024,0,0,0,0,low,0.0651391251305798,0,0,0,0,low,-0.03152692446403457,0,0,0,1,low,0.07589692204932674,0,0,0,1,low,-0.07728252145375719,0,0,0,0,high,-0.02368186067400089,0,0,0,0,high,-0.04853635478291035,0,0,0,0,high,0.008187413938632256,0,0,0,0,high,0.2314658566673509,1,0,0,0,high,-0.1867265192591748,0,1,0,0,high,0.06862601903745134,0,0,0,0,low,-0.1612715871189652,0,0,0,0,high,-0.04719318657894335,0,0,0,0,이상,-0.0260893416380672,1,0.8970697212535682,lower_mold_temp1,lower_mold_temp2,high,high,"{'low_section_speed': '하한이탈', 'high_section_speed': '하한이탈'}"
67579,2019-03-08 07:00:42,8722,320,high,0.1088950596967366,0,0,0,0,high,0.006428001909546278,0,0,0,0,low,-0.1077744777929306,0,0,0,0,low,-0.07153037092599683,0,0,0,0,low,0.06795977489346759,0,0,0,0,high,-0.07303666317171367,0,0,0,0,low,0.02164585895819749,0,0,0,0,low,0.004557183990381379,0,0,0,1,high,-0.06516003476058171,0,0,0,0,high,0.2143944089325326,1,0,0,0,high,0.06339190223180112,0,0,0,0,high,-0.2025142586657607,0,1,0,0,high,0.01864543147694276,0,0,0,0,low,-0.0661786464768388,0,0,0,0,low,0.0852433334796224,0,0,0,0,이상,-0.003781769527161472,1,0.87023336130348,upper_mold_temp2,lower_mold_temp2,high,high,{'biscuit_thickness': '하한이탈'}
68096,2019-03-08 14:27:05,8722,177,high,-0.07925207384327007,0,0,0,0,low,-0.0114736441466899,0,0,0,0,low,0.05049872789804571,0,0,0,0,low,0.08657551941701215,0,0,0,0,low,-0.1200296407055776,0,0,0,0,high,-0.03345012358409484,0,0,0,0,low,-0.04749453111609562,0,0,0,0,low,-0.0653329232573712,0,0,0,1,high,0.1765454240281097,0,1,0,0,high,0.04049817109609555,0,0,0,0,high,-0.1260883954335045,0,0,0,0,high,0.09178619470547761,0,0,0,0,low,0.2122156197012633,1,0,0,0,low,0.1032465260551147,0,0,0,0,high,-0.1519369965954014,0,0,0,0,이상,-0.03291135708922199,1,0.7984824621689837,sleeve_temperature,upper_mold_temp1,low,high,{'biscuit_thickness': '하한이탈'}
68394,2019-03-08 17:59:03,8722,274,low,-0.04842340728662514,0,0,0,0,low,0.1266911149186623,0,0,0,0,high,-0.07076694656187808,0,0,0,0,high,0.04438194281462285,0,0,0,0,low,0.07746340534293368,0,0,0,0,high,-0.0926930471578083,0,0,0,0,low,-0.005952535606180008,0,0,0,0,low,-0.3241267340069073,1,0,0,1,high,-0.102438764133429,0,0,0,0,high,-0.02525681513931603,0,0,0,0,high,-0.124778318196485,0,0,0,0,high,0.1632411303931635,0,1,0,0,high,-0.1430141377960633,0,0,0,0,low,-0.04400444866969838,0,0,0,0,high,0.01307405772860913,0,0,0,0,이상,-0.04645632077941941,1,0.8897653026817643,biscuit_thickness,lower_mold_temp2,low,high,{'biscuit_thickness': '하한이탈'}
68397,2019-03-08 18:01:28,8722,275,low,0.1441273289066116,0,0,0,0,low,-0.1435862151179439,0,0,0,0,high,0.116316375215496,0,0,0,0,high,0.001023306101958705,0,0,0,0,low,-0.0981508651047951,0,0,0,0,high,0.04621034742632708,0,0,0,0,low,0.019905969557347,0,0,0,0,low,-0.06002168771587947,0,0,0,1,high,0.006980208499001892,0,0,0,0,low,-0.03853135968617602,0,0,0,0,high,0.01135173452512481,0,0,0,0,high,0.06621306745210467,0,0,0,0,low,0.1586016816145352,0,1,0,0,low,-0.1237815498826849,0,0,0,0,high,0.2133033374656267,1,0,0,0,이상,-0.00901554480945832,1,0.8246588252490964,Coolant_temperature,sleeve_temperature,high,low,{'biscuit_thickness': '하한이탈'}
68546,2019-03-08 21:42:12,8722,24,high,-0.1952087799522502,1,0,0,0,low,-0.01517850950355833,0,0,0,0,high,0.05883172064845765,0,0,0,0,high,0.02809918677350327,0,0,0,0,low,-0.06226995198205938,0,0,0,0,low,-0.02081222503572752,0,0,0,0,low,-0.04930009346588329,0,0,0,1,low,-0.05893647569442115,0,0,0,0,low,0.08496020970210247,0,0,0,0,low,0.03570154859650473,0,0,0,0,low,-0.06929095952606543,0,0,0,0,low,0.08995998754332507,0,1,0,0,low,0.03072995208766094,0,0,0,0,low,0.08128621188389601,0,0,0,0,high,0.06296288419236122,0,0,0,0,이상,-0.008567762786204858,1,0.8975588848565296,molten_volume,lower_mold_temp2,high,low,{'cast_pressure': '하한이탈'}
68645,2019-03-08 23:08:32,8722,38,high,-0.08289950109220723,0,0,0,0,low,-0.05601810401969696,0,0,0,0,low,0.07472936051232619,0,0,0,0,low,0.06103702654334649,0,0,0,0,low,-0.002090159396414813,0,0,0,0,high,0.0117327383308782,0,0,0,0,low,0.1277664895788425,0,1,0,0,low,-0.059157138883583,0,0,0,1,low,0.0547097381170038,0,0,0,0,high,-0.02021926524338941,0,0,0,0,low,-0.02176812032272203,0,0,0,0,low,0.109877685198719,0,0,0,0,low,0.08254163489880299,0,0,0,0,low,0.08135096360006386,0,0,0,0,high,0.1305478807154329,1,0,0,0,이상,-0.01514834466105131,1,0.8162904959271773,Coolant_temperature,cast_pressure,high,low,{'biscuit_thickness': '하한이탈'}
68665,2019-03-08 23:26:59,8722,43,high,0.002100384163275905,0,0,0,0,low,0.06819529712949639,0,0,0,0,high,-0.03102667565934561,0,0,0,0,low,0.03241663524884422,0,0,0,0,low,-0.01301430543676846,0,0,0,0,low,0.00969959649927182,0,0,0,0,low,0.05951570254369137,0,0,0,0,low,-0.08182206832334726,0,0,0,1,low,0.209238727568546,1,0,0,0,low,-0.1006017381499702,0,0,0,0,low,-0.1214188612787732,0,1,0,0,low,0.1158110873500068,0,0,0,0,low,0.07916626939629359,0,0,0,0,low,0.06241198170521552,0,0,0,0,high,0.06283455092642799,0,0,0,0,이상,-0.03251356528178706,1,0.976943338120441,upper_mold_temp1,lower_mold_temp1,low,low,{'biscuit_thickness': '하한이탈'}
68760,2019-03-09 00:32:13,8722,74,high,-0.001224677284691462,0,0,0,0,high,-0.08972543714858316,0,1,0,0,low,0.007580455819372634,0,0,0,0,low,-0.06771617115121117,0,0,0,0,low,0.09751197334177512,1,0,0,0,high,-0.01470573815021387,0,0,0,0,low,-0.08254971967925116,0,0,0,0,low,-0.03213858416529935,0,0,0,1,low,0.04129314542756243,0,0,0,0,high,-0.05637245528039747,0,0,0,0,high,-0.08222203955664315,0,0,0,0,low,0.02436872114919123,0,0,0,0,low,0.02449665711087228,0,0,0,0,low,-0.05069431753711298,0,0,0,0,high,-0.04710383056183228,0,0,0,0,이상,-0.01120353993134515,1,0.9021776413828083,low_section_speed,molten_temp,low,high,{'biscuit_thickness': '하한이탈'}
69941,2019-03-09 15:48:51,8722,206,high,0.02320499373576363,0,0,0,0,high,-0.1448084341497324,0,1,0,0,high,-0.1407463774376555,0,0,0,0,high,-0.0718444221252436,0,0,0,0,low,-0.02134471517118473,0,0,0,0,high,0.03109075655980046,0,0,0,0,low,0.1475356216949552,1,0,0,0,low,0.08576596232020195,0,0,0,1,low,-0.01599385299634271,0,0,0,0,high,-0.001901620790268883,0,0,0,0,high,-0.1002529364637809,0,0,0,0,low,-0.001851313599238993,0,0,0,0,low,-0.02886586389201383,0,0,0,0,low,0.03227185603380895,0,0,0,0,high,-0.0827230943552323,0,0,0,0,이상,-0.02536520269940579,1,0.8999343996974187,cast_pressure,molten_temp,low,high,{'biscuit_thickness': '하한이탈'}
70409,2019-03-09 22:52:46,8722,83,high,0.05193465142411723,0,0,0,0,low,0.1532738913002578,0,1,0,0,high,-0.01087601484568576,0,0,0,0,high,0.04017117220989415,0,0,0,0,low,0.06901439917111125,0,0,0,1,low,-0.04012204718858363,0,0,0,0,low,0.02240924818104168,0,0,0,1,high,0.001259240078179486,0,0,1,0,low,0.009767609854883173,0,0,0,0,high,-0.07730097838554666,0,0,0,0,high,0.002451017425894271,0,0,0,0,low,0.04979982912454498,0,0,0,0,low,0.1451143607795042,0,0,0,0,low,0.09592708260852069,0,0,0,0,high,0.2153182457511557,1,0,0,0,이상,-0.1033678374779237,1,0.9367335970824239,Coolant_temperature,molten_temp,high,low,"{'low_section_speed': '하한이탈', 'biscuit_thickness': '상한이탈', 'cast_pressure': '하한이탈'}"
70412,2019-03-09 22:54:55,8722,84,high,-0.07673475628880495,0,0,0,0,low,0.08723206367206782,0,0,0,0,high,0.01833420057383518,0,0,0,0,low,0.2189802933217672,1,0,0,0,low,-0.08082982853551515,0,0,0,0,high,-0.08397218421807762,0,0,0,0,low,-0.05993926454440222,0,0,0,0,low,-0.2123895724309807,0,1,0,1,low,-0.0525755021680761,0,0,0,0,high,-0.07591326615536981,0,0,0,0,high,0.01503937864762076,0,0,0,0,low,0.03417559757771595,0,0,0,0,low,0.1876170839215886,0,0,0,0,low,0.09504238381860503,0,0,0,0,high,-0.05769036556624031,0,0,0,0,이상,-0.05686494499259764,1,0.8904796767356432,production_cycletime,biscuit_thickness,low,low,{'biscuit_thickness': '하한이탈'}
70415,2019-03-09 22:56:47,8722,85,high,-0.0898414671348358,0,0,0,0,low,0.04919191715065058,0,0,0,0,low,-0.1320233207020642,0,0,0,0,low,0.1831458765854354,1,0,0,0,low,0.1179440120721287,0,0,0,0,low,-0.04691756521047048,0,0,0,0,low,-0.1713134529090878,0,1,0,0,low,0.1353872374165413,0,0,0,1,low,-0.01145398452526179,0,0,0,0,high,0.1237816311973462,0,0,0,0,high,-0.1594427658794367,0,0,0,0,low,-0.05993750229537729,0,0,0,0,low,0.0005243699718183166,0,0,0,0,low,0.004698059376474206,0,0,0,0,high,-0.04500654714792437,0,0,0,0,정상,0.02810271837659739,1,0.8838805425422049,production_cycletime,cast_pressure,low,low,{'biscuit_thickness': '하한이탈'}
71122,2019-03-10 21:30:40,8722,33,high,0.06228499323474988,0,0,0,0,low,-0.1067620429382594,0,0,0,0,low,-0.01423794850212935,0,0,0,0,high,0.01202956317118989,0,0,0,0,low,0.05144388340587491,0,0,0,0,high,0.07116148780888898,0,0,0,0,low,-0.1124642091837869,0,0,0,0,low,-0.1534114170735622,0,1,0,1,low,0.1277676821898509,0,0,0,0,low,0.03323140119795916,0,0,0,0,high,-0.07484865365565536,0,0,0,0,low,0.1551151975522523,1,0,0,0,low,0.01156746342928587,0,0,0,0,low,0.1179297184063827,0,0,0,0,low,0.006751848141010895,0,0,0,0,이상,-0.03826455995882261,1,0.9507098176693796,lower_mold_temp2,biscuit_thickness,low,low,{'biscuit_thickness': '하한이탈'}
71139,2019-03-10 21:42:34,8722,38,high,0.2060747924881987,1,0,0,0,low,0.1755340842443205,0,0,0,0,high,-0.02489641484790735,0,0,0,0,high,0.09715709509543555,0,0,0,0,low,0.06453759495851476,0,0,0,0,low,0.1368631557532349,0,0,0,0,low,-0.09649234605801045,0,0,0,0,low,0.06860514599984394,0,0,0,0,low,0.1058424486849588,0,0,0,1,low,-0.1758739486423114,0,0,0,0,low,-0.1183258512665775,0,0,0,0,low,-0.2039232177760101,0,1,0,0,low,-0.02694068344445578,0,0,0,0,low,0.07175422557959624,0,0,0,0,low,0.1502357052096028,0,0,0,0,이상,-0.002133977983149959,1,0.9486969775008313,molten_volume,lower_mold_temp2,high,low,{'upper_mold_temp1': '하한이탈'}
71165,2019-03-10 22:02:26,8722,45,high,0.007409478041977519,0,0,0,0,low,0.1628615545571292,0,0,0,0,high,-0.1380101458214892,0,0,0,0,low,-0.1703382439355155,0,1,0,0,low,-0.005554769889661878,0,0,0,0,low,0.03840654489393073,0,0,0,0,low,-0.003269474809409311,0,0,0,0,low,-0.2067442100039877,1,0,0,1,low,-0.00891200395127884,0,0,0,1,low,-0.1304469500504853,0,0,0,0,low,0.06696725488300385,0,0,0,0,low,0.03665982460968483,0,0,0,0,low,-0.09398797863273553,0,0,0,0,low,-0.05138669173366936,0,0,0,0,low,-0.1059213521888952,0,0,0,0,이상,-0.04067928428618539,1,0.9644575056463979,biscuit_thickness,production_cycletime,low,low,"{'biscuit_thickness': '하한이탈', 'upper_mold_temp1': '하한이탈'}"
71169,2019-03-10 22:05:49,8722,46,high,-0.006267909727317188,0,0,0,0,low,0.09551423205012383,0,0,0,0,low,-0.09857260463355438,0,0,0,0,low,0.05040465155178445,0,0,0,0,low,-0.05302576183724408,0,0,0,0,low,-0.07928728322623442,0,0,0,0,low,-0.01070303599545578,0,0,0,0,low,-0.1035242322419374,0,0,0,0,low,-0.05536493053471821,0,0,0,1,low,-0.1197877892588848,0,1,0,0,low,0.196472513291639,1,0,0,0,low,0.003526355197172861,0,0,0,0,low,-0.06997255079925856,0,0,0,0,low,0.0213979910734222,0,0,0,0,low,-0.01123280496908298,0,0,0,0,정상,0.01046533200475286,1,0.9776025367624304,lower_mold_temp1,upper_mold_temp2,low,low,{'upper_mold_temp1': '하한이탈'}
71285,2019-03-10 23:25:54,8722,85,high,-0.0220969599533223,0,0,0,0,low,0.06141667000434253,0,0,0,0,high,0.07575077100473052,0,0,0,0,high,-0.05305011476105275,0,0,0,0,low,-0.057581824064468,0,0,0,1,low,-0.0275051697151644,0,0,0,0,low,-0.2301921164735585,0,1,0,1,high,-0.1515191062198552,0,0,1,0,low,0.1366874267444525,0,0,0,0,low,0.1644967713501284,0,0,0,0,high,-0.02490360395563783,0,0,0,0,low,0.05765569630557665,0,0,0,0,low,0.03112501545435361,0,0,0,0,low,0.3078880808455238,1,0,0,0,high,0.1119574911434577,0,0,0,0,이상,-0.1203169055913651,1,0.9774868869048934,physical_strength,cast_pressure,low,low,"{'low_section_speed': '하한이탈', 'biscuit_thickness': '상한이탈', 'cast_pressure': '하한이탈'}"
71288,2019-03-10 23:28:23,8722,86,high,-0.01279175914807665,0,0,0,0,low,-0.09555404406004259,0,0,0,0,high,-0.1606446320257573,0,1,0,0,high,0.02034636358672231,0,0,0,0,low,-0.07563507452843034,0,0,0,1,low,-0.1422253709597674,0,0,0,0,low,-0.06465728842425265,0,0,0,1,high,-0.1081548003614395,0,0,0,0,low,0.1687141635072565,1,0,0,0,low,0.08816397569494505,0,0,0,0,low,-0.0007972641316617373,0,0,0,0,low,0.1479944138890026,0,0,0,0,low,0.00773683076476183,0,0,0,0,low,-0.08612842013282637,0,0,0,0,high,0.1523124077269657,0,0,0,0,이상,-0.09371457190070431,1,0.9957343002938662,upper_mold_temp1,facility_operation_cycleTime,low,high,"{'low_section_speed': '하한이탈', 'cast_pressure': '하한이탈'}"
71291,2019-03-10 23:30:27,8722,87,high,0.05389100436846587,0,0,0,0,low,-0.1037246154326456,0,0,0,0,high,-0.01903386780836082,0,0,0,0,high,-0.08756182533847573,0,0,0,0,low,-0.1382799730964336,0,0,0,0,low,0.09261775475316414,0,0,0,0,low,0.1909416640470131,1,0,0,0,high,-0.1398567573819141,0,1,0,0,low,0.05629692366905709,0,0,0,0,low,-0.06506425691218269,0,0,0,0,high,-0.04871253837646961,0,0,0,0,low,-0.05923939242388692,0,0,0,0,low,-0.0863990769679816,0,0,0,0,low,0.004852162794482699,0,0,0,0,low,-0.08309501164110378,0,0,0,0,정상,0.03659717037860621,1,0.9041506811194989,cast_pressure,biscuit_thickness,low,high,{}
71525,2019-03-11 02:17:36,8722,165,high,0.02704568257798388,0,0,0,0,high,-0.005023810944913696,0,0,0,0,high,-0.02389480468664098,0,0,0,0,high,-0.09075636620415979,0,0,0,0,low,-0.05767713305683328,0,0,0,1,low,0.07553912258257561,0,0,0,0,low,0.05009171876243808,0,0,0,1,high,-0.09775552447985511,0,1,1,0,low,0.009933230542922588,0,0,0,0,high,0.0751387123371789,0,0,0,0,high,-0.1669405281121372,1,0,0,0,low,0.05433601923799351,0,0,0,0,low,-0.06626237589458467,0,0,0,0,low,0.05705986685931594,0,0,0,0,high,-0.07632591565425169,0,0,0,0,이상,-0.1047459952091997,1,0.9507938211406173,lower_mold_temp1,biscuit_thickness,high,high,"{'low_section_speed': '하한이탈', 'biscuit_thickness': '상한이탈', 'cast_pressure': '하한이탈'}"
71596,2019-03-11 03:09:02,8722,188,high,-0.1804882100664519,1,0,0,0,high,-0.1627542437883163,0,0,0,0,high,0.0048084946661382,0,0,0,0,high,0.02597225017214819,0,0,0,0,low,-0.09043166251044087,0,0,0,0,low,0.06385924587773739,0,0,0,0,low,-0.166152006226896,0,1,0,0,low,-0.006607979864731658,0,0,0,1,low,-0.1211016199762457,0,0,0,1,low,-0.06518361078021592,0,0,0,0,low,0.004739867131641402,0,0,0,0,low,-0.08604133652839524,0,0,0,0,low,-0.03845555442298254,0,0,0,0,low,0.1006292809214441,0,0,0,0,high,-0.05768918695231488,0,0,0,0,정상,0.03463357000504808,1,0.9443908718184313,molten_volume,cast_pressure,high,low,"{'biscuit_thickness': '하한이탈', 'upper_mold_temp1': '하한이탈'}"
71727,2019-03-11 04:39:52,8722,231,high,0.08356921120651419,0,0,0,0,high,-0.1129706854657618,0,0,0,0,low,0.05298041779152828,0,0,0,0,low,0.14415686206579,0,1,0,0,low,-0.2471644500127289,1,0,0,0,high,-0.07968952554704768,0,0,0,0,low,0.05770721271805401,0,0,0,0,low,-0.02030453860429927,0,0,0,1,low,0.03711458733713088,0,0,0,0,high,-0.06039851867158206,0,0,0,0,high,0.008658978747289992,0,0,0,0,high,-0.01556772353920795,0,0,0,0,low,0.1167782061659807,0,0,0,0,low,0.02544208433012131,0,0,0,0,high,0.03376026620752022,0,0,0,0,이상,-0.06242859689516889,1,0.8644210680297342,low_section_speed,production_cycletime,low,low,{'biscuit_thickness': '하한이탈'}
71965,2019-03-11 08:32:37,8722,15,low,-0.04118769661224674,0,0,0,0,high,-0.04876062240724936,0,0,0,0,high,-0.04325581878196209,0,0,0,0,high,0.03944521423782969,0,0,0,0,low,-0.0420984480820263,0,0,0,0,low,0.02897748568964129,0,0,0,0,low,0.2075400798645439,1,0,0,0,low,0.08711247034316924,0,0,0,0,low,-0.03260235321678411,0,0,0,1,low,0.1201213922163945,0,0,0,0,low,-0.04080753730215514,0,0,0,0,low,-0.2038124535177854,0,1,0,0,low,-0.1008086310917404,0,0,0,0,low,-0.1870791921025856,0,0,0,0,low,-0.03515134840413087,0,0,0,0,정상,0.02050363365379737,1,0.9438454752086771,cast_pressure,lower_mold_temp2,low,low,{'upper_mold_temp1': '하한이탈'}
72504,2019-03-11 15:36:40,8722,200,high,0.00184183791895517,0,0,0,0,high,0.1676437312275283,0,0,0,0,high,0.03269273737641627,0,0,0,0,high,-0.02191005288088643,0,0,0,0,low,0.08294055811834893,0,0,0,0,high,-0.2211135309007885,0,1,0,0,low,0.0235614558108566,0,0,0,0,low,0.07708651938869669,0,0,0,1,low,-0.1478586245779842,0,0,0,0,high,0.1143754043206929,0,0,0,0,high,0.03384964074944141,0,0,0,0,low,-0.04152879139008013,0,0,0,0,low,0.06327818661062849,0,0,0,0,low,0.2270692857804396,1,0,0,0,high,0.01818662550584952,0,0,0,0,이상,-0.0263511072578112,1,0.8991536141766759,physical_strength,high_section_speed,low,high,{'biscuit_thickness': '하한이탈'}
72519,2019-03-11 15:46:56,8722,205,high,0.02482205863003361,0,0,0,0,low,-0.04593608995402441,0,0,0,0,low,-0.08498443694647918,0,0,0,0,high,0.08303358165442457,0,0,0,0,low,-0.08560838259088673,0,0,0,0,high,0.007156623721939247,0,0,0,0,low,-0.04776574467651167,0,0,0,0,low,0.04789798257463919,0,0,0,1,low,0.03336621052869483,0,0,0,0,high,0.1037539944257899,1,0,0,0,high,-0.05100163988547471,0,0,0,0,low,-0.02698749352933713,0,0,0,0,low,-0.09787637157823074,0,1,0,0,low,-0.04442932600761116,0,0,0,0,high,0.03773004930448522,0,0,0,0,이상,-0.03413849141752401,1,0.9122805949796907,upper_mold_temp2,sleeve_temperature,high,low,{'biscuit_thickness': '하한이탈'}
72669,2019-03-11 17:37:13,8722,256,high,0.0756988616645352,0,0,0,0,low,-0.09221653241776255,0,0,0,0,high,0.08696059201056602,0,0,0,0,high,0.1355637858804951,0,0,0,0,low,0.04134349032237009,0,0,0,1,low,0.1876795812558066,0,1,0,0,low,-0.07737891991035731,0,0,0,1,high,-0.1244654703311417,0,0,1,0,low,-0.1778720248904279,0,0,0,0,high,0.1496044311489183,0,0,0,0,high,0.06543656563540577,0,0,0,0,high,-0.005558467091045507,0,0,0,0,low,0.02799686263198203,0,0,0,0,low,-0.1125489047298377,0,0,0,0,high,0.2445751979616826,1,0,0,0,이상,-0.1319092400642305,1,0.9433645237815197,Coolant_temperature,high_section_speed,high,low,"{'low_section_speed': '하한이탈', 'biscuit_thickness': '상한이탈', 'cast_pressure': '하한이탈'}"
73060,2019-03-11 23:34:24,8722,105,high,0.01292211819752275,0,0,0,0,high,0.01093947946048929,0,0,0,0,high,0.07257666238986919,0,0,0,0,high,0.04810092317367132,0,0,0,0,low,0.02238840242791314,0,0,0,1,low,-0.07904744554453119,0,0,0,0,low,0.04714683571359957,0,0,0,1,high,0.1882024496475034,1,0,1,0,low,0.1345420046154978,0,0,0,0,high,0.1593186626639397,0,1,0,0,high,-0.05112156764311852,0,0,0,0,low,-0.0989604820258581,0,0,0,0,low,-0.01257869200996482,0,0,0,0,low,0.00557249122886946,0,0,0,0,high,0.1094191518470949,0,0,0,0,이상,-0.1092308793290101,1,0.968627982321828,biscuit_thickness,upper_mold_temp2,high,high,"{'low_section_speed': '하한이탈', 'biscuit_thickness': '상한이탈', 'cast_pressure': '하한이탈'}"
73064,2019-03-11 23:37:24,8722,106,high,-0.1692464629714819,1,0,0,0,low,0.1529550319460614,0,0,0,0,high,-0.01580078985789894,0,0,0,0,high,-0.04268810699474201,0,0,0,0,low,-0.1012104375260168,0,0,0,0,low,-0.165485667186577,0,0,0,0,low,0.08231705839619147,0,0,0,0,high,0.007331796718840389,0,0,1,0,low,-0.1289960899741054,0,0,0,0,low,-0.1295078772063616,0,0,0,0,low,-0.03357846992901282,0,0,0,0,low,0.1669021525289393,0,1,0,0,low,-0.02595913513636048,0,0,0,0,low,-0.1503142953118106,0,0,0,0,high,-0.02457430640859443,0,0,0,0,정상,0.00416580073981887,1,0.9304498401945428,molten_volume,lower_mold_temp2,high,low,{'biscuit_thickness': '상한이탈'}
73349,2019-03-12 03:06:34,8722,200,high,-0.02727235697476705,0,0,0,0,low,-0.2696886642941572,1,0,0,0,high,-0.005429486651781221,0,0,0,0,low,-0.0230934530208678,0,0,0,0,low,0.06962063648134184,0,0,0,0,high,0.1848956094945345,0,0,0,0,low,0.1126565029547758,0,0,0,0,low,-0.02688886905548306,0,0,0,1,low,-0.110652590874167,0,0,0,1,low,0.2573359803249861,0,1,0,0,low,0.005921843401448826,0,0,0,0,low,0.00139292919129462,0,0,0,0,low,-0.002412508711000328,0,0,0,0,low,0.0198084760767855,0,0,0,0,high,-0.01443604119239425,0,0,0,0,이상,-0.02851350890213478,1,0.928527753623519,molten_temp,upper_mold_temp2,low,low,"{'biscuit_thickness': '하한이탈', 'upper_mold_temp1': '하한이탈'}"
61092,2019-03-01 17:02:08,8917,261,high,0.04967141530112327,0,0,0,0,low,-0.01382643011711847,0,0,0,0,high,0.06476885381006925,0,0,0,0,high,0.1523029856408026,0,0,0,0,high,-0.0234153374723336,0,0,0,0,high,-0.02341369569491806,0,0,0,0,low,0.1579212815507391,0,0,0,1,low,0.07674347291529088,0,0,0,0,low,-0.04694743859349521,0,0,0,0,high,0.05425600435859647,0,0,0,0,high,-0.04634176928124623,0,0,0,0,low,-0.04657297535702569,0,0,0,0,high,0.02419622715660341,0,0,0,0,high,-0.1913280244657798,1,0,0,0,low,-0.1724917832513033,0,1,0,0,정상,0.0433148590579408,1,0.9989747507997783,physical_strength,Coolant_temperature,high,low,{'cast_pressure': '하한이탈'}
61730,2019-03-02 04:52:53,8917,263,low,-0.05622875292409727,0,0,0,0,high,-0.1012831120334424,0,0,0,0,high,0.03142473325952739,0,0,0,0,low,-0.0908024075521211,0,0,0,0,low,-0.1412303701335292,0,0,0,1,high,0.1465648768921554,1,0,0,0,low,-0.02257763004865357,0,0,0,1,high,0.006752820468792384,0,0,1,0,high,-0.1424748186213457,0,1,0,0,high,-0.05443827245251827,0,0,0,0,high,0.01109225897098661,0,0,0,0,low,-0.1150993577422303,0,0,0,0,high,0.0375698018345672,0,0,0,0,high,-0.0600638689918805,0,0,0,0,low,-0.02916937497932768,0,0,0,0,이상,-0.1220183001342373,1,0.9871433319591302,high_section_speed,upper_mold_temp1,high,high,"{'low_section_speed': '하한이탈', 'biscuit_thickness': '상한이탈', 'cast_pressure': '하한이탈'}"
62593,2019-03-04 10:11:35,8917,66,high,-0.06017066122293969,0,0,0,0,low,0.1852278184508938,0,1,0,0,low,-0.001349722473793392,0,0,0,0,high,-0.10577109289559,0,0,0,0,high,0.08225449121031891,0,0,0,0,high,-0.1220843649971022,0,0,0,0,low,0.02088635950047554,0,0,0,1,low,-0.1959670123879776,1,0,0,1,low,-0.1328186048898431,0,0,0,0,high,0.01968612358691235,0,0,0,0,high,0.07384665799954104,0,0,0,0,low,0.01713682811899705,0,0,0,0,high,-0.01156482823882405,0,0,0,0,low,-0.03011036955892888,0,0,0,0,low,-0.1478521990367427,0,0,0,0,이상,-0.06683578559246606,1,0.9239906158669972,biscuit_thickness,molten_temp,low,low,"{'biscuit_thickness': '하한이탈', 'cast_pressure': '하한이탈'}"
63089,2019-03-04 20:14:02,8917,8,high,-0.07198442083947086,0,0,0,0,low,-0.04606387709597876,0,0,0,0,low,0.1057122226218916,0,1,0,0,low,0.03436182895684614,0,0,0,0,low,-0.1763040155362734,1,0,0,1,high,0.0324083969394795,0,0,0,0,low,-0.03850822804163165,0,0,0,1,high,-0.06769220003059588,0,0,1,0,low,0.06116762888408679,0,0,0,0,low,0.1030999522495951,0,0,0,0,high,0.09312801191161986,0,0,0,0,low,-0.08392175232226386,0,0,0,0,high,-0.03092123758512146,0,0,0,0,low,0.0331263431403564,0,0,0,0,low,0.09755451271223592,0,0,0,0,이상,-0.1122261444570051,1,0.9919092898799761,low_section_speed,facility_operation_cycleTime,low,low,"{'low_section_speed': '하한이탈', 'biscuit_thickness': '상한이탈', 'cast_pressure': '하한이탈'}"
63832,2019-03-05 10:10:20,8917,65,high,-0.047917423784529,0,0,0,0,high,-0.01856589766638171,0,0,0,0,low,-0.1106334974006028,0,0,0,0,low,-0.1196206624080671,0,0,0,0,high,0.08125258223941981,0,0,0,0,high,0.1356240028570823,0,0,0,0,high,-0.007201012158033385,0,0,0,0,low,0.1003532897892024,0,0,0,1,high,0.03616360250476341,0,0,0,0,high,-0.06451197546051243,0,0,0,0,high,0.03613956055084139,0,0,0,0,low,0.1538036566465969,0,0,0,0,high,-0.003582603910995154,0,0,0,0,high,0.1564643655814006,0,1,0,0,low,-0.2619745104089745,1,0,0,0,이상,-0.01009159710154406,1,0.9932369017806085,Coolant_temperature,physical_strength,low,high,{'biscuit_thickness': '하한이탈'}
64516,2019-03-06 13:03:38,8917,146,high,0.08219025043752239,0,0,0,0,high,0.008704706823817123,0,0,0,0,high,-0.02990073504658675,0,0,0,0,high,0.00917607765355023,0,0,0,0,high,-0.1987568914600893,1,0,0,0,high,-0.02196718878375119,0,0,0,0,high,0.03571125715117465,0,0,0,0,high,0.1477894044741516,0,1,0,0,high,-0.05182702182736474,0,0,0,0,high,-0.08084936028931877,0,0,0,0,high,-0.05017570435845366,0,0,0,0,low,0.09154021177020742,0,0,0,0,high,0.03287511096596845,0,0,0,0,high,-0.05297602037670388,0,0,0,0,low,0.05132674331133561,0,0,0,0,정상,0.1300720664447122,1,0.9933333333333333,low_section_speed,biscuit_thickness,high,high,{}
64518,2019-03-06 13:07:43,8917,148,high,0.009707754934804039,0,0,0,0,high,0.09686449905328892,0,0,0,0,high,-0.07020530938773524,0,0,0,0,high,-0.03276621465977683,0,0,0,0,high,-0.03921081531321577,0,0,0,0,high,-0.1463514948132119,1,0,0,0,high,0.02961202770645761,0,0,0,0,high,0.02610552721798894,0,0,0,0,high,0.000511345664246089,0,0,0,0,high,-0.02345871333751469,0,0,0,0,high,-0.1415370742050414,0,1,0,0,low,-0.04206453227653591,0,0,0,0,high,-0.03427145165267695,0,0,0,0,high,-0.0802277269221619,0,0,0,0,low,-0.01612857116660091,0,0,0,0,정상,0.08787468647406826,1,0.9933333333333333,high_section_speed,lower_mold_temp1,high,high,{}
64545,2019-03-06 14:02:46,8917,175,high,0.04040508568145385,0,0,0,0,high,0.188618590121053,0,0,0,0,high,0.0174577812831839,0,0,0,0,high,0.02575503907227644,0,0,0,0,low,-0.007444591576616722,0,0,0,1,high,-0.1918771215299042,0,1,0,0,low,-0.002651387544921688,0,0,0,1,high,0.006023020994102644,0,0,0,0,high,0.2463242112485286,1,0,0,0,high,-0.01923609647811225,0,0,0,0,high,0.03015473423336125,0,0,0,0,low,-0.003471176970524331,0,0,0,0,high,-0.1168678037619532,0,0,0,0,low,0.1142822814515021,0,0,0,0,low,0.07519330326867742,0,0,0,0,이상,-0.03732081716057645,1,0.9738148666008959,upper_mold_temp1,high_section_speed,high,high,"{'low_section_speed': '하한이탈', 'cast_pressure': '하한이탈'}"
64556,2019-03-06 14:26:04,8917,186,high,0.0791031947043047,0,0,0,0,high,-0.09093874547947389,0,0,0,0,high,0.1402794310936099,0,0,0,0,high,-0.1401851062792281,0,0,0,0,high,0.05868570938002703,0,0,0,0,high,0.2190455625809979,1,0,0,0,high,-0.09905363251306884,0,0,0,0,low,-0.05662977296027719,0,0,0,0,low,0.009965136508764122,0,0,0,0,high,-0.05034756541161992,0,0,0,0,high,-0.1550663431066133,0,1,0,0,low,0.006856297480602733,0,0,0,0,high,-0.1062303713726105,0,0,0,0,low,0.04735924306351816,0,0,0,0,low,-0.09194242342338033,0,0,0,0,정상,0.09519940433102891,1,0.9933333333333333,high_section_speed,lower_mold_temp1,high,high,{}
64557,2019-03-06 14:28:05,8917,187,high,0.154993440501754,0,1,0,0,high,-0.07832532923362372,0,0,0,0,low,-0.03220615162056756,0,0,0,0,high,0.08135172173696698,0,0,0,0,high,-0.1230864316433955,0,0,0,0,high,0.02274599346041294,0,0,0,0,high,0.1307142754282428,0,0,0,0,low,-0.1607483234561228,1,0,0,0,high,0.01846338585323042,0,0,0,0,high,0.02598827942484236,0,0,0,0,high,0.07818228717773104,0,0,0,0,low,-0.1236950710878082,0,0,0,0,high,-0.1320456613084276,0,0,0,0,low,0.05219415656168977,0,0,0,0,low,0.02969846732331861,0,0,0,0,정상,0.117033192166296,1,0.9933333333333333,biscuit_thickness,molten_volume,low,high,{}
64578,2019-03-06 15:14:06,8917,208,high,0.02504928503458766,0,0,0,0,high,0.03464482094969757,0,0,0,0,high,-0.06800247215784909,0,0,0,0,high,0.02322536971610036,0,0,0,0,high,0.02930724732986813,0,0,0,0,high,-0.07143514180263678,0,0,0,0,high,0.1865774511144757,1,0,0,0,low,0.04738329209117875,0,0,0,0,low,-0.1191303497202649,0,1,0,0,high,0.06565536086338297,0,0,0,0,high,-0.09746816702273214,0,0,0,0,low,0.07870846037424521,0,0,0,0,high,0.1158595579007404,0,0,0,0,high,-0.08206823183517105,0,0,0,0,low,0.09633761292443219,0,0,0,0,정상,0.1338913214992978,1,0.9933333333333333,cast_pressure,upper_mold_temp1,high,low,{}
64976,2019-03-06 22:03:07,8917,62,high,0.04127809269364983,0,0,0,0,low,0.082206015999449,0,0,0,0,low,0.1896792982653948,0,1,0,0,high,-0.02453881160028705,0,0,0,0,high,-0.07537361643574897,0,0,0,0,high,-0.08895144296255234,0,0,0,0,high,-0.08158102849654383,0,0,0,0,low,-0.007710170941410421,0,0,0,0,low,0.03411519748166439,0,0,0,0,high,0.02766907993300191,0,0,0,0,high,0.08271832490360238,0,0,0,0,low,0.001300189187790702,0,0,0,0,high,0.1453534077157317,0,0,0,0,low,-0.02646568332379561,0,0,0,0,low,0.2720169166589619,1,0,0,0,정상,0.09119308071130616,1,0.9933333333333333,Coolant_temperature,facility_operation_cycleTime,low,low,{}
65014,2019-03-06 22:28:55,8917,74,high,0.06256673477650063,0,0,0,0,low,-0.08571575564162826,0,0,0,0,low,-0.1070892498061112,0,0,0,0,high,0.04824724152431853,0,0,0,0,high,-0.02234627853258509,0,0,0,0,high,0.0714000494092092,0,0,0,0,high,0.04732376245735449,0,0,0,0,low,-0.007282891265687277,0,0,0,0,low,-0.0846793718068405,0,0,0,0,high,-0.1514847224685865,1,0,0,0,high,-0.04465149520670211,0,0,0,0,low,0.08563987943234724,0,0,0,0,high,0.0214093744130204,0,0,0,0,low,-0.1245738778711988,0,1,0,0,low,0.0173180925851182,0,0,0,0,정상,0.09651105588498815,1,0.9933333333333333,upper_mold_temp2,physical_strength,high,low,{}
65711,2019-03-07 08:16:08,8917,10,high,0.03853173797288368,0,0,0,0,high,-0.08838574362011331,0,0,0,0,high,0.01537251059455279,0,0,0,0,high,0.00582087184459999,0,0,0,0,high,-0.1142970297830623,0,0,0,0,high,0.03577873603482833,0,0,0,0,high,0.05607845263682344,0,0,0,0,low,0.1083051243175277,0,0,0,0,low,0.1053802052034903,0,0,0,0,low,-0.1377669367957091,0,1,0,0,high,-0.09378250399151228,0,0,0,0,low,0.05150352672086598,0,0,0,0,high,0.05137859509122088,0,0,0,0,high,0.0515047686306048,0,0,0,0,low,0.3852731490654722,1,0,0,0,정상,0.09866423978203986,1,0.9933333333333333,Coolant_temperature,upper_mold_temp2,low,low,{}
66441,2019-03-07 16:58:30,8917,257,high,0.0570890510693167,0,0,0,0,high,0.1135565640180599,0,0,0,0,high,0.09540017634932024,0,0,0,0,high,0.0651391251305798,0,0,0,0,low,-0.03152692446403457,0,0,0,1,high,0.07589692204932674,0,0,0,0,low,-0.07728252145375719,0,0,0,1,high,-0.02368186067400089,0,0,0,0,high,-0.04853635478291035,0,0,0,0,high,0.008187413938632256,0,0,0,0,high,0.2314658566673509,1,0,0,0,low,-0.1867265192591748,0,1,0,0,high,0.06862601903745134,0,0,0,0,high,-0.1612715871189652,0,0,0,0,low,-0.04719318657894335,0,0,0,0,이상,-0.04787618801599014,1,0.9738148666008959,lower_mold_temp1,lower_mold_temp2,high,low,"{'low_section_speed': '하한이탈', 'cast_pressure': '하한이탈'}"
66457,2019-03-07 17:08:57,8917,262,high,0.1088950596967366,0,0,0,0,high,0.006428001909546278,0,0,0,0,high,-0.1077744777929306,0,0,0,0,low,-0.07153037092599683,0,0,0,0,low,0.06795977489346759,0,0,0,1,high,-0.07303666317171367,0,0,0,0,low,0.02164585895819749,0,0,0,1,high,0.004557183990381379,0,0,1,0,high,-0.06516003476058171,0,0,0,0,high,0.2143944089325326,1,0,0,0,high,0.06339190223180112,0,0,0,0,low,-0.2025142586657607,0,1,0,0,high,0.01864543147694276,0,0,0,0,high,-0.0661786464768388,0,0,0,0,low,0.0852433334796224,0,0,0,0,이상,-0.1184935789585203,1,0.9738148666008959,upper_mold_temp2,lower_mold_temp2,high,low,"{'low_section_speed': '하한이탈', 'biscuit_thickness': '상한이탈', 'cast_pressure': '하한이탈'}"
66458,2019-03-07 17:09:06,8917,263,high,-0.07925207384327007,0,0,0,0,high,-0.0114736441466899,0,0,0,0,high,0.05049872789804571,0,0,0,0,low,0.08657551941701215,0,0,0,0,low,-0.1200296407055776,0,0,0,1,low,-0.03345012358409484,0,0,0,1,high,-0.04749453111609562,0,0,0,0,high,-0.0653329232573712,0,0,0,0,high,0.1765454240281097,0,1,0,0,high,0.04049817109609555,0,0,0,0,high,-0.1260883954335045,0,0,0,0,low,0.09178619470547761,0,0,0,0,high,0.2122156197012633,1,0,0,0,high,0.1032465260551147,0,0,0,0,low,-0.1519369965954014,0,0,0,0,이상,-0.06702006707220343,1,1.0,sleeve_temperature,upper_mold_temp1,high,high,"{'low_section_speed': '하한이탈', 'high_section_speed': '하한이탈'}"
66461,2019-03-07 17:11:15,8917,264,high,-0.04842340728662514,0,0,0,0,high,0.1266911149186623,0,0,0,0,high,-0.07076694656187808,0,0,0,0,low,0.04438194281462285,0,0,0,0,low,0.07746340534293368,0,0,0,1,high,-0.0926930471578083,0,0,0,0,low,-0.005952535606180008,0,0,0,1,high,-0.3241267340069073,1,0,0,0,low,-0.102438764133429,0,0,0,0,high,-0.02525681513931603,0,0,0,0,high,-0.124778318196485,0,0,0,0,low,0.1632411303931635,0,1,0,0,high,-0.1430141377960633,0,0,0,0,high,-0.04400444866969838,0,0,0,0,low,0.01307405772860913,0,0,0,0,이상,-0.09183070954241135,1,0.9871433319591302,biscuit_thickness,lower_mold_temp2,high,low,"{'low_section_speed': '하한이탈', 'cast_pressure': '하한이탈'}"
66471,2019-03-07 17:18:47,8917,267,high,0.1441273289066116,0,0,0,0,high,-0.1435862151179439,0,0,0,0,high,0.116316375215496,0,0,0,0,high,0.001023306101958705,0,0,0,0,low,-0.0981508651047951,0,0,0,1,high,0.04621034742632708,0,0,0,0,low,0.019905969557347,0,0,0,1,high,-0.06002168771587947,0,0,0,0,low,0.006980208499001892,0,0,0,0,high,-0.03853135968617602,0,0,0,0,high,0.01135173452512481,0,0,0,0,low,0.06621306745210467,0,0,0,0,high,0.1586016816145352,0,1,0,0,high,-0.1237815498826849,0,0,0,0,low,0.2133033374656267,1,0,0,0,이상,-0.03125925188290279,1,0.9983420787486034,Coolant_temperature,sleeve_temperature,low,high,"{'low_section_speed': '하한이탈', 'cast_pressure': '하한이탈'}"
66497,2019-03-07 17:36:52,8917,275,high,-0.1952087799522502,1,0,0,0,high,-0.01517850950355833,0,0,0,0,high,0.05883172064845765,0,0,0,0,high,0.02809918677350327,0,0,0,0,high,-0.06226995198205938,0,0,0,0,high,-0.02081222503572752,0,0,0,0,high,-0.04930009346588329,0,0,0,0,high,-0.05893647569442115,0,0,0,0,low,0.08496020970210247,0,0,0,0,high,0.03570154859650473,0,0,0,0,high,-0.06929095952606543,0,0,0,0,low,0.08995998754332507,0,1,0,0,high,0.03072995208766094,0,0,0,0,high,0.08128621188389601,0,0,0,0,low,0.06296288419236122,0,0,0,0,정상,0.1448714742443988,1,0.9933333333333333,molten_volume,lower_mold_temp2,high,low,{}
66501,2019-03-07 17:41:02,8917,277,high,-0.08289950109220723,0,0,0,0,high,-0.05601810401969696,0,0,0,0,low,0.07472936051232619,0,0,0,0,high,0.06103702654334649,0,0,0,0,low,-0.002090159396414813,0,0,0,1,high,0.0117327383308782,0,0,0,0,high,0.1277664895788425,0,1,0,0,high,-0.059157138883583,0,0,1,0,low,0.0547097381170038,0,0,0,0,high,-0.02021926524338941,0,0,0,0,high,-0.02176812032272203,0,0,0,0,low,0.109877685198719,0,0,0,0,high,0.08254163489880299,0,0,0,0,high,0.08135096360006386,0,0,0,0,low,0.1305478807154329,1,0,0,0,정상,0.04503933479063843,1,1.0,Coolant_temperature,cast_pressure,low,high,"{'low_section_speed': '하한이탈', 'biscuit_thickness': '상한이탈'}"
66541,2019-03-07 18:06:59,8917,290,low,0.002100384163275905,0,0,0,0,low,0.06819529712949639,0,0,0,0,high,-0.03102667565934561,0,0,0,0,high,0.03241663524884422,0,0,0,0,low,-0.01301430543676846,0,0,0,1,high,0.00969959649927182,0,0,0,0,high,0.05951570254369137,0,0,0,0,high,-0.08182206832334726,0,0,1,0,high,0.209238727568546,1,0,0,0,high,-0.1006017381499702,0,0,0,0,high,-0.1214188612787732,0,1,0,0,low,0.1158110873500068,0,0,0,0,high,0.07916626939629359,0,0,0,0,high,0.06241198170521552,0,0,0,0,low,0.06283455092642799,0,0,0,0,정상,0.03095855499583916,1,1.0,upper_mold_temp1,lower_mold_temp1,high,high,"{'low_section_speed': '하한이탈', 'biscuit_thickness': '상한이탈'}"
66648,2019-03-07 20:13:43,8917,9,high,-0.001224677284691462,0,0,0,0,low,-0.08972543714858316,0,1,0,0,low,0.007580455819372634,0,0,0,0,low,-0.06771617115121117,0,0,0,0,low,0.09751197334177512,1,0,0,1,high,-0.01470573815021387,0,0,0,0,low,-0.08254971967925116,0,0,0,1,high,-0.03213858416529935,0,0,1,0,low,0.04129314542756243,0,0,0,0,low,-0.05637245528039747,0,0,0,0,high,-0.08222203955664315,0,0,0,0,low,0.02436872114919123,0,0,0,0,high,0.02449665711087228,0,0,0,0,high,-0.05069431753711298,0,0,0,0,low,-0.04710383056183228,0,0,0,0,이상,-0.057319847285633,1,0.9985694017475525,low_section_speed,molten_temp,low,low,"{'low_section_speed': '하한이탈', 'biscuit_thickness': '상한이탈', 'cast_pressure': '하한이탈'}"
67011,2019-03-08 00:22:25,8917,131,low,0.02320499373576363,0,0,0,0,high,-0.1448084341497324,0,1,0,0,high,-0.1407463774376555,0,0,0,0,high,-0.0718444221252436,0,0,0,0,low,-0.02134471517118473,0,0,0,1,high,0.03109075655980046,0,0,0,0,high,0.1475356216949552,1,0,0,0,high,0.08576596232020195,0,0,1,0,low,-0.01599385299634271,0,0,0,0,high,-0.001901620790268883,0,0,0,0,high,-0.1002529364637809,0,0,0,0,low,-0.001851313599238993,0,0,0,0,high,-0.02886586389201383,0,0,0,0,high,0.03227185603380895,0,0,0,0,low,-0.0827230943552323,0,0,0,0,정상,0.0381213430711182,1,1.0,cast_pressure,molten_temp,high,high,"{'low_section_speed': '하한이탈', 'biscuit_thickness': '상한이탈'}"
67025,2019-03-08 00:33:10,8917,135,high,0.05193465142411723,0,0,0,0,high,0.1532738913002578,0,1,0,0,high,-0.01087601484568576,0,0,0,0,high,0.04017117220989415,0,0,0,0,low,0.06901439917111125,0,0,0,1,high,-0.04012204718858363,0,0,0,0,low,0.02240924818104168,0,0,0,1,high,0.001259240078179486,0,0,1,0,low,0.009767609854883173,0,0,0,0,high,-0.07730097838554666,0,0,0,0,high,0.002451017425894271,0,0,0,0,low,0.04979982912454498,0,0,0,0,high,0.1451143607795042,0,0,0,0,high,0.09592708260852069,0,0,0,0,low,0.2153182457511557,1,0,0,0,정상,0.02417632290872263,1,0.9595987684712871,Coolant_temperature,molten_temp,low,high,"{'low_section_speed': '하한이탈', 'biscuit_thickness': '상한이탈', 'cast_pressure': '하한이탈'}"
67621,2019-03-08 08:30:53,8917,10,high,-0.07673475628880495,0,0,0,0,low,0.08723206367206782,0,0,0,0,high,0.01833420057383518,0,0,0,0,high,0.2189802933217672,1,0,0,0,low,-0.08082982853551515,0,0,0,1,high,-0.08397218421807762,0,0,0,0,low,-0.05993926454440222,0,0,0,1,high,-0.2123895724309807,0,1,1,0,low,-0.0525755021680761,0,0,0,0,low,-0.07591326615536981,0,0,0,0,high,0.01503937864762076,0,0,0,0,low,0.03417559757771595,0,0,0,0,high,0.1876170839215886,0,0,0,0,high,0.09504238381860503,0,0,0,0,low,-0.05769036556624031,0,0,0,0,이상,-0.0022578153102365,1,0.9974906739014858,production_cycletime,biscuit_thickness,high,high,"{'low_section_speed': '하한이탈', 'biscuit_thickness': '상한이탈', 'cast_pressure': '하한이탈'}"
67772,2019-03-08 10:19:24,8917,58,low,-0.0898414671348358,0,0,0,0,high,0.04919191715065058,0,0,0,0,high,-0.1320233207020642,0,0,0,0,high,0.1831458765854354,1,0,0,0,low,0.1179440120721287,0,0,0,1,high,-0.04691756521047048,0,0,0,0,high,-0.1713134529090878,0,1,0,0,high,0.1353872374165413,0,0,1,0,low,-0.01145398452526179,0,0,0,0,high,0.1237816311973462,0,0,0,0,high,-0.1594427658794367,0,0,0,0,low,-0.05993750229537729,0,0,0,0,high,0.0005243699718183166,0,0,0,0,high,0.004698059376474206,0,0,0,0,low,-0.04500654714792437,0,0,0,0,정상,0.03276514820874699,1,1.0,production_cycletime,cast_pressure,high,high,"{'low_section_speed': '하한이탈', 'biscuit_thickness': '상한이탈'}"
68080,2019-03-08 14:16:35,8917,169,high,0.06228499323474988,0,0,0,0,low,-0.1067620429382594,0,0,0,0,high,-0.01423794850212935,0,0,0,0,high,0.01202956317118989,0,0,0,0,low,0.05144388340587491,0,0,0,1,high,0.07116148780888898,0,0,0,0,high,-0.1124642091837869,0,0,0,0,high,-0.1534114170735622,0,1,1,0,low,0.1277676821898509,0,0,0,0,high,0.03323140119795916,0,0,0,0,high,-0.07484865365565536,0,0,0,0,low,0.1551151975522523,1,0,0,0,high,0.01156746342928587,0,0,0,0,high,0.1179297184063827,0,0,0,0,low,0.006751848141010895,0,0,0,0,정상,0.01213816356689512,1,1.0,lower_mold_temp2,biscuit_thickness,low,high,"{'low_section_speed': '하한이탈', 'biscuit_thickness': '상한이탈'}"
68187,2019-03-08 15:33:32,8917,204,high,0.2060747924881987,1,0,0,0,high,0.1755340842443205,0,0,0,0,high,-0.02489641484790735,0,0,0,0,low,0.09715709509543555,0,0,0,0,low,0.06453759495851476,0,0,0,1,high,0.1368631557532349,0,0,0,0,high,-0.09649234605801045,0,0,0,0,high,0.06860514599984394,0,0,1,0,low,0.1058424486849588,0,0,0,0,low,-0.1758739486423114,0,0,0,0,high,-0.1183258512665775,0,0,0,0,low,-0.2039232177760101,0,1,0,0,high,-0.02694068344445578,0,0,0,0,low,0.07175422557959624,0,0,0,0,low,0.1502357052096028,0,0,0,0,이상,-0.03271848456761106,1,1.0,molten_volume,lower_mold_temp2,high,low,"{'low_section_speed': '하한이탈', 'biscuit_thickness': '상한이탈'}"
68190,2019-03-08 15:35:37,8917,205,high,0.007409478041977519,0,0,0,0,high,0.1628615545571292,0,0,0,0,low,-0.1380101458214892,0,0,0,0,high,-0.1703382439355155,0,1,0,0,high,-0.005554769889661878,0,0,0,0,high,0.03840654489393073,0,0,0,0,high,-0.003269474809409311,0,0,0,0,high,-0.2067442100039877,1,0,0,0,low,-0.00891200395127884,0,0,0,0,high,-0.1304469500504853,0,0,0,0,high,0.06696725488300385,0,0,0,0,low,0.03665982460968483,0,0,0,0,high,-0.09398797863273553,0,0,0,0,high,-0.05138669173366936,0,0,0,0,low,-0.1059213521888952,0,0,0,0,정상,0.1383267958968628,1,0.9933333333333333,biscuit_thickness,production_cycletime,high,high,{}
68462,2019-03-08 20:28:58,8917,10,low,-0.006267909727317188,0,0,0,0,low,0.09551423205012383,0,0,0,0,low,-0.09857260463355438,0,0,0,0,low,0.05040465155178445,0,0,0,0,low,-0.05302576183724408,0,0,0,1,high,-0.07928728322623442,0,0,0,0,high,-0.01070303599545578,0,0,0,0,high,-0.1035242322419374,0,0,1,0,low,-0.05536493053471821,0,0,0,0,high,-0.1197877892588848,0,1,0,0,low,0.196472513291639,1,0,0,0,high,0.003526355197172861,0,0,0,0,low,-0.06997255079925856,0,0,0,0,high,0.0213979910734222,0,0,0,0,low,-0.01123280496908298,0,0,0,0,이상,-0.1145759698864118,1,0.9651719532800613,lower_mold_temp1,upper_mold_temp2,low,high,"{'low_section_speed': '하한이탈', 'biscuit_thickness': '상한이탈'}"
68477,2019-03-08 20:45:31,8917,14,high,-0.0220969599533223,0,0,0,0,low,0.06141667000434253,0,0,0,0,high,0.07575077100473052,0,0,0,0,high,-0.05305011476105275,0,0,0,0,low,-0.057581824064468,0,0,0,0,high,-0.0275051697151644,0,0,0,0,low,-0.2301921164735585,0,1,0,1,low,-0.1515191062198552,0,0,0,0,low,0.1366874267444525,0,0,0,0,high,0.1644967713501284,0,0,0,0,low,-0.02490360395563783,0,0,0,1,high,0.05765569630557665,0,0,0,0,low,0.03112501545435361,0,0,0,0,high,0.3078880808455238,1,0,0,0,low,0.1119574911434577,0,0,0,0,이상,-0.08488641798357044,1,0.9959622785993048,physical_strength,cast_pressure,high,low,"{'cast_pressure': '하한이탈', 'lower_mold_temp1': '하한이탈'}"
68480,2019-03-08 20:47:32,8917,15,high,-0.01279175914807665,0,0,0,0,low,-0.09555404406004259,0,0,0,0,low,-0.1606446320257573,0,1,0,0,low,0.02034636358672231,0,0,0,0,high,-0.07563507452843034,0,0,0,0,high,-0.1422253709597674,0,0,0,0,high,-0.06465728842425265,0,0,0,0,low,-0.1081548003614395,0,0,0,0,low,0.1687141635072565,1,0,0,0,low,0.08816397569494505,0,0,0,0,low,-0.0007972641316617373,0,0,0,0,high,0.1479944138890026,0,0,0,0,low,0.00773683076476183,0,0,0,0,high,-0.08612842013282637,0,0,0,0,low,0.1523124077269657,0,0,0,0,이상,-0.007502193096206922,1,0.9634151390992808,upper_mold_temp1,facility_operation_cycleTime,low,low,{}
68483,2019-03-08 20:49:38,8917,16,high,0.05389100436846587,0,0,0,0,low,-0.1037246154326456,0,0,0,0,low,-0.01903386780836082,0,0,0,0,high,-0.08756182533847573,0,0,0,0,high,-0.1382799730964336,0,0,0,0,high,0.09261775475316414,0,0,0,0,high,0.1909416640470131,1,0,0,0,high,-0.1398567573819141,0,1,0,0,low,0.05629692366905709,0,0,0,0,high,-0.06506425691218269,0,0,0,0,low,-0.04871253837646961,0,0,0,0,high,-0.05923939242388692,0,0,0,0,low,-0.0863990769679816,0,0,0,0,high,0.004852162794482699,0,0,0,0,low,-0.08309501164110378,0,0,0,0,이상,-0.006934580167220816,1,0.9585052866133946,cast_pressure,biscuit_thickness,high,high,{}
68497,2019-03-08 20:59:46,8917,21,high,0.02704568257798388,0,0,0,0,low,-0.005023810944913696,0,0,0,0,low,-0.02389480468664098,0,0,0,0,high,-0.09075636620415979,0,0,0,0,high,-0.05767713305683328,0,0,0,0,high,0.07553912258257561,0,0,0,0,high,0.05009171876243808,0,0,0,0,low,-0.09775552447985511,0,1,0,1,low,0.009933230542922588,0,0,0,0,high,0.0751387123371789,0,0,0,0,low,-0.1669405281121372,1,0,0,0,high,0.05433601923799351,0,0,0,0,low,-0.06626237589458467,0,0,0,0,high,0.05705986685931594,0,0,0,0,low,-0.07632591565425169,0,0,0,0,이상,-0.05190097816525818,1,0.9711261724976629,lower_mold_temp1,biscuit_thickness,low,low,{'biscuit_thickness': '하한이탈'}
68576,2019-03-08 22:05:40,8917,48,high,-0.1804882100664519,1,0,0,0,high,-0.1627542437883163,0,0,0,0,high,0.0048084946661382,0,0,0,0,high,0.02597225017214819,0,0,0,0,low,-0.09043166251044087,0,0,0,1,high,0.06385924587773739,0,0,0,0,high,-0.166152006226896,0,1,0,0,high,-0.006607979864731658,0,0,1,0,low,-0.1211016199762457,0,0,0,0,high,-0.06518361078021592,0,0,0,0,low,0.004739867131641402,0,0,0,0,high,-0.08604133652839524,0,0,0,0,low,-0.03845555442298254,0,0,0,0,high,0.1006292809214441,0,0,0,0,low,-0.05768918695231488,0,0,0,0,이상,-0.04412247426800719,1,0.9782409581665755,molten_volume,cast_pressure,high,high,"{'low_section_speed': '하한이탈', 'biscuit_thickness': '상한이탈'}"
68578,2019-03-08 22:07:41,8917,49,high,0.08356921120651419,0,0,0,0,high,-0.1129706854657618,0,0,0,0,low,0.05298041779152828,0,0,0,0,high,0.14415686206579,0,1,0,0,low,-0.2471644500127289,1,0,0,1,high,-0.07968952554704768,0,0,0,0,high,0.05770721271805401,0,0,0,0,high,-0.02030453860429927,0,0,1,0,low,0.03711458733713088,0,0,0,0,high,-0.06039851867158206,0,0,0,0,low,0.008658978747289992,0,0,0,0,high,-0.01556772353920795,0,0,0,0,low,0.1167782061659807,0,0,0,0,high,0.02544208433012131,0,0,0,0,low,0.03376026620752022,0,0,0,0,이상,-0.05232566686767437,1,0.971838619946728,low_section_speed,production_cycletime,low,high,"{'low_section_speed': '하한이탈', 'biscuit_thickness': '상한이탈'}"
69482,2019-03-09 10:18:23,8917,71,low,-0.04118769661224674,0,0,0,0,high,-0.04876062240724936,0,0,0,0,low,-0.04325581878196209,0,0,0,0,high,0.03944521423782969,0,0,0,0,low,-0.0420984480820263,0,0,0,1,high,0.02897748568964129,0,0,0,0,high,0.2075400798645439,1,0,0,0,high,0.08711247034316924,0,0,1,0,low,-0.03260235321678411,0,0,0,0,high,0.1201213922163945,0,0,0,0,high,-0.04080753730215514,0,0,0,0,high,-0.2038124535177854,0,1,0,0,low,-0.1008086310917404,0,0,0,0,low,-0.1870791921025856,0,0,0,0,low,-0.03515134840413087,0,0,0,0,이상,-0.05230498517413484,1,0.9723243091551037,cast_pressure,lower_mold_temp2,high,high,"{'low_section_speed': '하한이탈', 'biscuit_thickness': '상한이탈'}"
69493,2019-03-09 10:26:25,8917,75,low,0.00184183791895517,0,0,0,0,high,0.1676437312275283,0,0,0,0,high,0.03269273737641627,0,0,0,0,high,-0.02191005288088643,0,0,0,0,low,0.08294055811834893,0,0,0,1,high,-0.2211135309007885,0,1,0,0,high,0.0235614558108566,0,0,0,0,high,0.07708651938869669,0,0,1,0,low,-0.1478586245779842,0,0,0,0,high,0.1143754043206929,0,0,0,0,high,0.03384964074944141,0,0,0,0,high,-0.04152879139008013,0,0,0,0,low,0.06327818661062849,0,0,0,0,high,0.2270692857804396,1,0,0,0,low,0.01818662550584952,0,0,0,0,이상,-0.04755285077018523,1,0.9723243091551037,physical_strength,high_section_speed,high,high,"{'low_section_speed': '하한이탈', 'biscuit_thickness': '상한이탈'}"
69505,2019-03-09 10:34:47,8917,79,low,0.02482205863003361,0,0,0,0,high,-0.04593608995402441,0,0,0,0,high,-0.08498443694647918,0,0,0,0,high,0.08303358165442457,0,0,0,0,low,-0.08560838259088673,0,0,0,1,high,0.007156623721939247,0,0,0,0,high,-0.04776574467651167,0,0,0,0,high,0.04789798257463919,0,0,1,0,low,0.03336621052869483,0,0,0,0,high,0.1037539944257899,1,0,0,0,high,-0.05100163988547471,0,0,0,0,high,-0.02698749352933713,0,0,0,0,low,-0.09787637157823074,0,1,0,0,low,-0.04442932600761116,0,0,0,0,low,0.03773004930448522,0,0,0,0,이상,-0.06392458492816011,1,0.9723243091551037,upper_mold_temp2,sleeve_temperature,high,low,"{'low_section_speed': '하한이탈', 'biscuit_thickness': '상한이탈'}"
69514,2019-03-09 10:40:51,8917,82,low,0.0756988616645352,0,0,0,0,high,-0.09221653241776255,0,0,0,0,high,0.08696059201056602,0,0,0,0,high,0.1355637858804951,0,0,0,0,low,0.04134349032237009,0,0,0,1,high,0.1876795812558066,0,1,0,0,low,-0.07737891991035731,0,0,0,0,high,-0.1244654703311417,0,0,1,0,low,-0.1778720248904279,0,0,0,0,high,0.1496044311489183,0,0,0,0,high,0.06543656563540577,0,0,0,0,high,-0.005558467091045507,0,0,0,0,low,0.02799686263198203,0,0,0,0,low,-0.1125489047298377,0,0,0,0,low,0.2445751979616826,1,0,0,0,이상,-0.06012696219215363,1,0.9723243091551037,Coolant_temperature,high_section_speed,low,high,"{'low_section_speed': '하한이탈', 'biscuit_thickness': '상한이탈'}"
69525,2019-03-09 10:48:57,8917,86,low,0.01292211819752275,0,0,0,0,high,0.01093947946048929,0,0,0,0,high,0.07257666238986919,0,0,0,0,high,0.04810092317367132,0,0,0,0,low,0.02238840242791314,0,0,0,1,high,-0.07904744554453119,0,0,0,0,high,0.04714683571359957,0,0,0,0,high,0.1882024496475034,1,0,1,0,low,0.1345420046154978,0,0,0,0,high,0.1593186626639397,0,1,0,0,high,-0.05112156764311852,0,0,0,0,high,-0.0989604820258581,0,0,0,0,low,-0.01257869200996482,0,0,0,0,low,0.00557249122886946,0,0,0,0,low,0.1094191518470949,0,0,0,0,이상,-0.04747285274932789,1,0.9723243091551037,biscuit_thickness,upper_mold_temp2,high,high,"{'low_section_speed': '하한이탈', 'biscuit_thickness': '상한이탈'}"
70202,2019-03-09 18:51:58,8917,315,low,-0.1692464629714819,1,0,0,0,high,0.1529550319460614,0,0,0,0,high,-0.01580078985789894,0,0,0,0,high,-0.04268810699474201,0,0,0,0,low,-0.1012104375260168,0,0,0,1,high,-0.165485667186577,0,0,0,0,high,0.08231705839619147,0,0,0,0,high,0.007331796718840389,0,0,1,0,low,-0.1289960899741054,0,0,0,0,high,-0.1295078772063616,0,0,0,0,low,-0.03357846992901282,0,0,0,0,high,0.1669021525289393,0,1,0,0,low,-0.02595913513636048,0,0,0,0,low,-0.1503142953118106,0,0,0,0,low,-0.02457430640859443,0,0,0,0,이상,-0.05628539735999827,1,0.9723243091551037,molten_volume,lower_mold_temp2,low,high,"{'low_section_speed': '하한이탈', 'biscuit_thickness': '상한이탈'}"
70205,2019-03-09 18:54:07,8917,316,low,-0.02727235697476705,0,0,0,0,high,-0.2696886642941572,1,0,0,0,low,-0.005429486651781221,0,0,0,0,high,-0.0230934530208678,0,0,0,0,high,0.06962063648134184,0,0,0,0,high,0.1848956094945345,0,0,0,0,high,0.1126565029547758,0,0,0,0,high,-0.02688886905548306,0,0,0,0,low,-0.110652590874167,0,0,0,0,high,0.2573359803249861,0,1,0,0,low,0.005921843401448826,0,0,0,0,high,0.00139292919129462,0,0,0,0,low,-0.002412508711000328,0,0,0,0,low,0.0198084760767855,0,0,0,0,low,-0.01443604119239425,0,0,0,0,정상,0.02115218248089845,1,0.965657642488437,molten_temp,upper_mold_temp2,high,high,{}
71087,2019-03-10 21:06:01,8917,31,low,-0.05736620068802363,0,0,0,0,low,-0.05468589412403922,0,0,0,0,high,-0.003275327021599839,0,0,0,0,high,-0.0543424771133765,0,0,0,0,low,-0.07128457826771643,0,0,0,1,high,0.01064302276918968,0,0,0,0,high,-0.02549772174208553,0,0,0,0,high,0.1503992988582689,0,0,1,0,low,-0.2650969808393012,1,0,0,0,low,0.1091506851922462,0,0,0,0,low,0.1246085192497629,0,0,0,0,high,-0.207339023240815,0,1,0,0,low,-0.03426875940803488,0,0,0,0,high,-0.03714408659957915,0,0,0,0,low,-0.1407511694717821,0,0,0,0,이상,-0.0677861538615332,1,0.9666666666666667,upper_mold_temp1,lower_mold_temp2,low,high,"{'low_section_speed': '하한이탈', 'biscuit_thickness': '상한이탈'}"
71093,2019-03-10 21:10:07,8917,33,low,-0.07778166875908754,0,0,0,0,low,-0.1110575845465829,0,0,0,0,high,0.1752270443423623,1,0,0,0,high,0.09356783931474612,0,0,0,0,low,0.1271555094994159,0,1,0,1,high,0.07216720640432352,0,0,0,0,high,-0.1129051771217229,0,0,0,0,high,-0.05245202662797737,0,0,1,0,low,0.04893745612279181,0,0,0,0,low,-0.1222127808891945,0,0,0,0,low,0.07129984301723881,0,0,0,0,high,-0.02403253981581351,0,0,0,0,low,-0.03748208075495976,0,0,0,0,high,0.07109599682034916,0,0,0,0,low,0.04442633114860398,0,0,0,0,이상,-0.0587222858569596,1,0.9666666666666667,facility_operation_cycleTime,low_section_speed,high,low,"{'low_section_speed': '하한이탈', 'biscuit_thickness': '상한이탈'}"
71290,2019-03-10 23:29:46,8917,100,low,-0.03609661658190799,0,0,0,0,high,0.1159329803364248,0,0,0,0,high,-0.1081063327599897,0,0,0,0,high,0.06159356069442638,0,0,0,0,low,0.05931012579683838,0,0,0,1,high,-0.03095464393139903,0,0,0,0,high,0.0326133022242118,0,0,0,0,high,-0.1251113576385303,0,0,1,0,low,0.09240270192069011,0,0,0,0,high,-0.0184902136442989,0,0,0,0,low,-0.05227230205190395,0,0,0,0,high,0.1049009225836889,0,0,0,0,low,-0.07043436905427593,0,0,0,0,high,-0.140846129636356,0,1,0,0,low,-0.1556629173523904,1,0,0,0,이상,-0.05790016495919181,1,0.9723243091551037,Coolant_temperature,physical_strength,low,high,"{'low_section_speed': '하한이탈', 'biscuit_thickness': '상한이탈'}"
71481,2019-03-11 01:48:00,8917,165,high,0.06060099513456396,0,0,0,0,high,-0.1280429352496283,0,0,0,0,high,0.1754794181984365,0,1,0,0,high,-0.2081929407883722,1,0,0,0,low,0.1696456368290038,0,0,0,1,high,0.02110174672026184,0,0,0,0,high,-0.00967131118703924,0,0,0,0,high,-0.05449190868089498,0,0,1,0,low,0.03991361143520709,0,0,0,0,high,-0.003763470242484837,0,0,0,0,low,0.1103301882016521,0,0,0,0,high,0.01142276486620396,0,0,0,0,low,0.01503017614618776,0,0,0,0,high,-0.03636122122138559,0,0,0,0,low,-0.005694562372106746,0,0,0,0,이상,-0.06216875491498108,1,0.9723243091551037,production_cycletime,facility_operation_cycleTime,high,high,"{'low_section_speed': '하한이탈', 'biscuit_thickness': '상한이탈'}"
71508,2019-03-11 02:06:29,8917,174,low,0.03078017688920592,0,0,0,0,high,-0.1710168392656626,1,0,0,0,high,-0.1348185422105713,0,0,0,0,high,0.0743264094022715,0,0,0,0,low,0.01708654381279419,0,0,0,1,high,-0.01839833363526791,0,0,0,0,high,0.001843393306539316,0,0,0,0,high,0.03475817053616711,0,0,1,0,low,-0.05397596803093616,0,0,0,0,high,-0.07783047254023127,0,0,0,0,low,0.01958452550976816,0,0,0,0,high,-0.09783727776150321,0,0,0,0,low,0.04082527557144719,0,0,0,0,low,-0.1702583604237841,0,1,0,0,low,0.1029155637325644,0,0,0,0,이상,-0.06611680215506544,1,0.9723243091551037,molten_temp,physical_strength,high,low,"{'low_section_speed': '하한이탈', 'biscuit_thickness': '상한이탈'}"
72478,2019-03-11 15:17:47,8917,171,low,0.0472597482413043,0,0,0,0,high,0.02560297343138757,0,0,0,0,high,0.09826909839455139,0,0,0,0,high,0.1665474444462577,0,1,0,0,low,0.101437006501813,0,0,0,1,low,-0.1840874231331645,1,0,0,0,high,-0.1279576966735702,0,0,0,0,high,-0.06248185776956788,0,0,1,0,low,0.002609105021083379,0,0,0,1,high,0.05176590204691231,0,0,0,0,low,-0.07257438131534656,0,0,0,0,high,0.01867667644770783,0,0,0,0,low,-0.07553829323533226,0,0,0,0,low,-0.06115178029919482,0,0,0,0,low,-0.1406661096848222,0,0,0,0,이상,-0.06579977271536852,1,0.9666666666666667,high_section_speed,production_cycletime,low,high,"{'low_section_speed': '하한이탈', 'biscuit_thickness': '상한이탈', 'upper_mold_temp1': '하한이탈'}"
